{"end_date": "02-09-2021_06:39", "rewards": {"max": [3858.847331692547, 7700.021629459632, 2346.1869552270064, 11570.209626111551, 7750.9839938824025, 4459.5002202398, 7971.368645422185, 5857.5860149556465, 4718.610698078887, 6437.64402714123, 8851.754215426387, 6002.40940194475, 4251.1831048953645, 7633.740935797331, 11105.672467358474, 5463.041604576979, 9726.914161440922, 5862.668074189124, 5739.210323217648, 8150.17817031138, 12271.021437472926, 6235.9128364622, 5860.564932148931, 4802.872410317837, 9454.085362452617, 5609.154938018664, 4813.82112582824, 5523.86648569804, 12098.94387543257, 4381.405042507302, 5624.338691974911, 4698.940365163681, 6139.80292841773, 8850.07892226107, 5785.78795331508, 5653.162356894493, 6520.091866732281, 8175.181029926154, 7703.7331050281355, 4657.632848252793, 8561.159881446254, 6127.609750404782, 4159.948315197636, 6309.285841864643, 7877.4941207253305, 10345.97677599403, 5993.294295095444, 8920.396947323256, 4762.249015810705, 5242.241498044549, 7067.919649742595, 8540.103835378184, 5607.3789331563175, 8563.500542783455, 7572.6519875013555, 4644.688918084336, 3288.1094553176104, 5170.9880164435, 5884.6359881515755, 6493.064799897099, 5022.662828738371, 5734.439201965982, 3238.588803958087, 4564.71125249672, 5031.983313490209, 5378.21863814753, 3404.494714439515, 4742.213881729266, 3104.067340939072, 3421.058813862234, 7484.3680820475165, 5301.311437018891, 5083.545792269803, 8439.414929223582, 6334.07108632606, 6672.172478481077], "avg": [192.94236658462734, 1341.882772568307, 814.6323687842143, 1384.8488034435215, 1563.6580534291732, 1405.389898526359, 1551.2310874951684, 1528.8545007030511, 949.4820849242506, 1239.571637155576, 1763.7041936706369, 1427.4944390795267, 903.1420173766128, 1904.2422902200074, 1838.3586640572626, 1954.2532959137843, 1841.8468714751966, 1347.2368313646061, 1762.811410557081, 1261.8743089269417, 2177.664383531581, 1444.0737960198298, 2555.263017602219, 1432.0208352703426, 2672.129033379649, 1975.4765482727594, 1473.893258066702, 2230.963359931712, 3079.3764077454307, 1393.8156121018062, 2201.4482713900297, 1794.0248580873874, 2263.33518988985, 2404.001904359022, 2035.006774123769, 1746.254437832829, 1878.293395339267, 1804.6874136810088, 2721.639034083725, 1471.1238165682423, 1996.9130967556684, 2062.2077345677685, 2274.87344649878, 2518.1990954405333, 2250.1163562475526, 2177.1621636537247, 1695.9332329404413, 1814.332231534979, 1999.3315853666554, 1743.729482212751, 2833.145395548382, 2380.270891778501, 2385.0659096704085, 2090.1516909444363, 1749.6572572028767, 2008.804843794896, 1499.9003125938882, 2453.7562665780233, 1918.7331754625793, 2003.1965699640864, 1692.9025813007843, 1837.855754313464, 586.8525949492594, 1429.1988664375447, 1094.4983129158936, 1270.080144762698, 1329.1682685726746, 1023.0025621178644, 1148.4500756579712, 1468.1750548625412, 1867.397530225678, 2192.667753923676, 1391.704504791822, 2340.5603091616304, 1996.5854544757608, 1158.3978950342248], "ep": [0, 20, 40, 60, 80, 100, 120, 140, 160, 180, 200, 220, 240, 260, 280, 300, 320, 340, 360, 380, 400, 420, 440, 460, 480, 500, 520, 540, 560, 580, 600, 620, 640, 660, 680, 700, 720, 740, 760, 780, 800, 820, 840, 860, 880, 900, 920, 940, 960, 980, 1000, 1020, 1040, 1060, 1080, 1100, 1120, 1140, 1160, 1180, 1200, 1220, 1240, 1260, 1280, 1300, 1320, 1340, 1360, 1380, 1400, 1420, 1440, 1460, 1480, 1500], "min": [3858.847331692547, -436.06024784847096, -654.8961626841735, -785.6726453737882, -175.2288586071973, -753.9412137471902, -203.05361063044097, -449.7071764525979, -2039.3086974985436, -691.4734668996339, -343.29422554760674, -1160.0231088257538, -1024.8185865938224, -303.7653659123147, -358.48204560179124, -612.025154511994, -568.1490875122793, -314.0063991050039, -136.8086294459417, -880.1597866124249, -1378.7180316203253, -1502.5882008700937, -3.6807083897891744, -1462.9781119827478, -166.82263923619183, -2182.0465623254017, -565.475884554853, -811.4172294369861, -266.18971676565786, -860.6321727990393, 99.39931833288644, -761.6841795544151, -928.3316980203555, -592.0501641409476, -1198.6640852768817, -403.90671223720915, -232.79004002769022, -658.3928988482752, -533.8518204859636, -1192.382071841549, 304.3943101657851, -369.1001151534422, -161.19797190739845, -1825.98559127816, -823.9087491122934, -234.06019924615794, -1750.5400130000146, -1342.1921568325915, -716.8228971267131, -473.33694341668, 301.3905073299563, -634.4999622300658, -186.12176734335907, -369.7318102664468, -553.9163504043665, -1338.9496636529134, -1116.8173759196397, -1292.2983591852917, -714.440625517703, -1857.4223205419958, 32.894000442415816, -1135.3309163509484, -1630.5844828659124, -2585.6742624181356, -1903.9811193123633, -1521.0449362459462, -2009.4096658012238, -1938.465203234863, -3919.120832851314, -1329.6297767022295, -1584.978227926822, -361.49232165969147, -1702.5979315041582, -1663.7241064462255, -1155.4537963277169, -808.307457903418]}, "lr": 0.001, "move_step": 3.0, "limit_upright": 0.7, "action_size": 8, "start_date": "02-09-2021_00:30", "gamma": 0.95}