{"end_date": "08-09-2021_01:03", "rewards": {"max": [1139.0004733184235, 4590.35145280771, 4894.088497907668, 4664.389354586851, 6210.725176902867, 5496.808858361002, 4744.9381226520245, 3063.7362282346394, 3167.7115902249266, 5486.787286997629, 6383.648275726386, 3625.2737968283336, 4375.461964771629, 3396.5518617688363, 6940.24701336465, 8194.15654392875, 5847.392767907654, 3849.530474936945, 4626.66682905775, 3890.863276019788, 6028.632304309867, 4827.095947917947, 5825.334997368551, 5039.231722314075, 5002.597796039776, 6959.389791266486, 4087.7922803695033, 2671.710234474263, 3569.84726607359, 4840.833413797331, 6676.7450375079425, 4973.836114326402, 5456.418435411588, 3406.6932678387457, 9284.364103554813, 7641.642764153323, 4303.963752184824, 4616.003970014997, 6420.484136767717, 4455.913306898178, 4461.043473366788, 3427.6491482003976, 4279.8353434962655, 2822.69269510895, 4286.4174543368035, 6228.467890942128, 8011.372956639656, 6993.961918131851, 5359.450807873478, 5929.807570100599, 8096.97122747854, 5222.552091959371, 4265.030530877223, 10913.563047747946, 7094.081208470638, 5082.9226119436735, 9911.02851319701, 5622.488106059636, 6762.801772440831, 8299.558518895476, 6647.824198057074, 5488.26974700756, 5379.298622210475, 6035.0870792823525, 9291.487648266982, 5015.487631673282, 4726.699184548784, 7520.938931130067, 6668.78257791752, 6135.027142912869, 10252.644268610522, 8399.657809539262, 11728.420218814761, 11224.213588595196, 5658.204931420492, 6851.725051934047, 7342.563332010577, 9757.221342605118, 8729.189352755184, 8654.333532623432, 10164.44025599254, 7497.654759610212, 6706.102898391267, 5484.746104756784, 6622.0077363849505, 5905.028732092201, 6413.977285130399, 5005.9197434809985, 7424.629071288237, 7308.933229922877, 7776.009327250603, 5484.6496823985935, 5398.66938772318, 4859.694119523894, 6734.388174133694, 7331.957790368657, 4572.553814690697, 7948.6627730312575, 4942.736615701536, 7105.916859580408, 5501.487473653657, 6701.678226521563, 8428.48803326938, 6017.80474156448, 5867.74448213084, 8103.309440655746, 8045.581805237212], "avg": [56.95002366592117, 1796.316481533609, 1800.2054476570688, 1329.4563122928912, 1477.2220482543466, 2050.330849577342, 1400.3873547878723, 1203.554589417471, 1543.1517766217137, 1591.9116554184284, 2040.694128205908, 1160.5971738267613, 1020.8902710319956, 821.079755809548, 1530.049079924772, 2265.4202466784345, 2042.640088697051, 1587.877761874549, 1164.9419514935603, 1659.08438218323, 1774.484076154505, 1741.075412706327, 1022.1573852837673, 1068.7371043969927, 1461.6446490486862, 1249.8995324928753, 1689.0994621765083, 757.0443922837273, 1080.2218980600373, 1479.2023136532048, 2536.480816080314, 2422.436894339643, 2471.7618568423873, 1830.7529906381308, 2499.436255479539, 3010.449561632923, 2371.187497667233, 1787.5907930201436, 1944.7777378401472, 1938.5664125876378, 1328.4184798413464, 1243.8560812432947, 1379.6432236921555, 1191.8954665212689, 1199.56442675474, 2058.3358509518666, 2653.9965685121156, 2633.7923403430227, 2331.7165878617952, 2522.7974046476616, 3778.153888228216, 994.8039415298172, 1639.7858360223727, 3158.17060838569, 4281.875788784666, 3236.4492595237607, 4310.74924076653, 3294.2543988146012, 3194.9039133818233, 2921.788984440017, 3536.096621516686, 2785.4770553359026, 2649.005249440201, 2738.9099733626967, 3000.440095799255, 2427.386572674846, 2243.761498364968, 2340.5915958873766, 3287.5282712937214, 3180.2039480194144, 4578.521563149747, 5162.96713603287, 4632.3902051814775, 5187.382597170521, 3857.330508651551, 4025.0003184854017, 5159.496685104568, 4403.61777878789, 3494.8510543920083, 4854.655724810496, 5577.664733596194, 4164.463266792983, 4165.4176514366545, 4319.160406460467, 4572.277218200426, 3599.685156584441, 4362.167240910224, 3983.7756560658404, 4415.9037121541, 4326.298938779151, 4032.776259050933, 2449.065767818501, 2449.689996590538, 2593.913754409323, 3283.5100968152465, 3068.0504496741205, 2603.0586678986724, 3112.065614996229, 2832.6906095753125, 3723.065140500279, 2519.7436075343294, 3637.465729377653, 3307.0727795497537, 3438.9653546851646, 2302.232159990173, 2982.2204106078475, 2248.628400280643], "ep": [0, 20, 40, 60, 80, 100, 120, 140, 160, 180, 200, 220, 240, 260, 280, 300, 320, 340, 360, 380, 400, 420, 440, 460, 480, 500, 520, 540, 560, 580, 600, 620, 640, 660, 680, 700, 720, 740, 760, 780, 800, 820, 840, 860, 880, 900, 920, 940, 960, 980, 1000, 1020, 1040, 1060, 1080, 1100, 1120, 1140, 1160, 1180, 1200, 1220, 1240, 1260, 1280, 1300, 1320, 1340, 1360, 1380, 1400, 1420, 1440, 1460, 1480, 1500, 1520, 1540, 1560, 1580, 1600, 1620, 1640, 1660, 1680, 1700, 1720, 1740, 1760, 1780, 1800, 1820, 1840, 1860, 1880, 1900, 1920, 1940, 1960, 1980, 2000, 2020, 2040, 2060, 2080, 2100, 2120], "min": [1139.0004733184235, -547.3327793495263, -628.4584922194117, 78.98798307835521, -2542.5716806226415, -828.8332032969482, -729.7418767555115, -50.468463073700754, -1850.0951060403522, -367.67504683252156, 543.9264225713773, -1027.288218029553, -2147.0066397810588, -2144.6250363989006, -1323.0267983383808, -979.9048066800818, -1642.9935683992312, 96.3976396739699, -2111.213590003232, -1001.9999157433292, -1084.7180401962983, -631.1951126234264, -2475.7674186012896, -746.629623342162, -199.5963822736511, -1540.7500828589377, -74.25628486564246, -1577.501013228366, -1401.4388057294211, -1664.193657194773, -535.6000247008307, 542.0416765568898, -72.09496538776162, -1246.8410654650058, -1205.1200355088881, 213.89610455010856, -84.53968588080973, -1315.2933211650095, -1460.5376220024643, -433.36863156000896, -1608.411834616764, -1858.99398450201, -378.416848375818, -2675.4513681433973, -872.8761711215677, -47.83390157562627, -1100.31621886942, -654.4242983378138, -178.85181370891098, 37.072926131604284, 913.0095566331588, -1912.0772221278041, -1563.604614752037, -527.4547785427328, 2078.3047190205125, 1201.3913047141987, 960.2319859123538, 1284.5227314491603, 920.0102171514667, -554.4515972734581, 1146.8602621097211, 1333.729579227665, -369.8077594299537, -497.1141794347227, -668.9723584891665, -957.1332831396174, -1187.1512812219426, -1204.7690670217357, -1453.0686905988905, -1380.5459497266363, 1196.0554475849842, 2729.9699779044854, 667.5709667437022, 2149.8114292772643, 2067.796432351893, 2346.502535671058, 2685.242010992893, 2266.0906018323176, 1046.839944748741, 3104.8050441042255, 3317.383549414669, 2016.013243983415, 2467.401421952475, 3374.6921059642877, 2828.106523052879, -111.16946143023645, 2712.239224934316, 2793.997944663317, 2873.5497603077742, 2373.796545144934, 2321.80698043114, 442.64949248071156, -173.70592888839573, -652.2644095651815, 1168.018880672351, 1235.7957975239185, 1004.8478837000656, 995.3684922256267, 140.58561078427223, 1581.2868643756049, -1428.3973502818037, -1517.3503066480764, -1471.4344567139494, -183.27960166972792, -468.28983524973233, -2035.2584203952517, -1749.0178618124853]}, "lr": 0.1, "move_step": 1.0, "limit_upright": 0.5, "action_size": 3, "start_date": "07-09-2021_15:55", "gamma": 0.95}