{"end_date": "05-09-2021_10:21", "rewards": {"max": [488.01999834112695, 8492.058213672688, 4075.368117886867, 6030.828614471478, 4144.651283137291, 4768.736459917332, 6153.7593798889375, 5615.96838399754, 8181.305757898419, 4034.589395176068, 5920.028450647684, 68.17241120591203, 68.22194929979517, 68.07154889285823, 68.19391298445785, 68.08341900986298, 68.16362143316903, 68.17931855077707, 68.13640809073564, 68.19039777991873, 68.18881942636584, 68.08856427727622, 68.08583039925935, 68.10654833274859, 68.13830005841427, 68.14951621356556, 68.09138641424056, 68.11180730009636, 68.16442904811669, 68.11420548374527, 68.18161772751807, 68.28732580286076, 68.20277442628033, 68.14132002059466, 68.19440392203646, 68.1048001340051, 68.0783070640907, 68.14405143606992, 68.11503025996689, 68.17457803457927, 68.18908246632822, 68.08687790501082, 68.12072809105867, 68.11496700882725, 68.43335702626291, 68.10311881891687, 68.1580883030778, 68.20804479524479, 68.3143014975324, 68.19274433760376, 68.16399798087802, 68.08482124094687, 68.05954724119415, 68.33058867943168, 68.13283262398025, 68.1197958082324, 68.15735613568677, 68.10766197814763, 68.14827384675893, 68.18214912729559, 68.10713084538854, 68.06380256622234, 68.10537818106587, 68.09098759606515, 68.13756319895958, 68.06329431898492, 68.12755070230111, 68.10597766600988, 68.11617284389183, 68.18252904264384, 68.04898625595158, 68.09817698855686], "avg": [24.400999917056346, 1500.2677372545159, 882.5116457908734, 1444.214239841216, 503.8741565672811, 1063.6320875560064, 673.777719939618, 898.5003873439684, 588.3474019381379, 1226.0210161753405, 824.8394081209168, 50.887977014549655, 52.29223043533419, 62.547993010720326, 62.931399741978, 52.87205942851907, 42.825035192558836, 62.95617648723724, 57.94144955947153, 57.919379137368914, 67.98390723011514, 57.917593948066745, 36.719610439889564, 47.87333900673399, 57.94140275685513, 42.80017900644582, 62.92328989286212, 62.95915566999162, 57.91796568343405, 47.85373693066795, 52.26341702742324, 62.949184977124126, 67.97378458724263, 52.83380120972048, 37.800724170465486, 57.920073655289244, 62.92797689948064, 57.9313405901583, 52.90467711065003, 52.880534763154415, 52.87946493487019, 62.579885219143044, 57.87977009363851, 62.93559893447544, 62.95126288590374, 47.78869213445468, 52.927024551556336, 57.95719814065518, 62.94975234728861, 57.90986120470679, 51.79640150244414, 37.32447188015315, 37.75448159282727, 47.80878173132804, 42.784731859572844, 62.94460812718732, 62.92149761337565, 57.90027228569028, 52.92383448558203, 37.77048759415299, 62.935935997002346, 37.61894215060594, 67.9486795160853, 52.85534968191424, 57.88694235719329, 42.73061222872716, 37.78000559404167, 52.83859336942405, 38.122268239419604, 62.94785058469057, 62.960870157771566, 62.928334575080484], "ep": [0, 20, 40, 60, 80, 100, 120, 140, 160, 180, 200, 220, 240, 260, 280, 300, 320, 340, 360, 380, 400, 420, 440, 460, 480, 500, 520, 540, 560, 580, 600, 620, 640, 660, 680, 700, 720, 740, 760, 780, 800, 820, 840, 860, 880, 900, 920, 940, 960, 980, 1000, 1020, 1040, 1060, 1080, 1100, 1120, 1140, 1160, 1180, 1200, 1220, 1240, 1260, 1280, 1300, 1320, 1340, 1360, 1380, 1400, 1420], "min": [488.01999834112695, -2753.625463391245, -2215.485561291857, -1873.7470886289143, -2964.8261601228255, -2442.3920312379987, -2696.214782239743, -2206.7528914198288, -2694.2575967538373, -1565.76579135174, -1864.8570460785468, -53.16428726163814, -44.972176970998916, -40.31701414520394, -32.71060272466802, -32.842860928629555, -32.77140593084951, -32.67596873923793, -32.653109683488395, -32.85225816689312, 67.68804515415252, -33.32417655267837, -52.835758458285085, -32.62730252848569, -32.70813401178671, -32.884729064775925, -32.592291789411945, -32.561939869592905, -32.755636496335114, -32.696827979145496, -45.08153256986366, -32.42832374066793, 67.67202468171519, -33.02577751217181, -32.67994270776823, -32.666465647439374, -32.76549263147878, -32.641633215354304, -32.590446880096415, -32.9427908208332, -32.76599632012766, -39.35015059337896, -32.634575781746754, -32.93829403619531, -32.537357024867234, -33.18793128117475, -32.627263345097596, -32.74212528082967, -32.915452873327176, -32.81832844012927, -54.09009993160656, -142.3539418146812, -32.79319227127174, -33.729763992589184, -32.95337773161506, -32.53518000745978, -32.73737686267759, -32.73997168412489, -32.50702165553164, -32.96014549409962, -32.626487911917714, -35.26577326025506, 67.76251881105676, -32.84083746321217, -32.76046988008478, -34.01567167732497, -33.033052220191706, -33.05142445455782, -126.64290880934018, -32.57557478529365, -32.44377526613941, -32.52254390782346]}, "lr": 0.01, "move_step": 1.0, "limit_upright": 0.5, "action_size": 3, "start_date": "05-09-2021_09:09", "gamma": 0.95}