{"end_date": "05-09-2021_15:06", "rewards": {"max": [-693.1472417020652, 6718.4618582985095, 6481.024005025274, 3073.596443700342, 1359.0040203077524, 6700.483197608266, 6136.962530889896, 1684.7674407773973, 2388.2020303580575, 3956.493196539778, 3361.931260953019, 4508.074130205489, 2206.0660322400345, 2601.3486109352452, 4796.393067880056, 2533.8858937558016, 3049.6058971340653, 3351.0682441443346, 3592.0042352148243, 3320.030374900268, 4249.252257743507, 2921.512518374898, 5254.458341505031, 1680.1371292739507, 3480.20642817688, 2686.6071277299543, 4093.1600979401574, 3507.046408836686, 4076.4308721036396, 3460.4599393426492, 6913.182669823994, 2561.377706175003, 7136.923735167275, 3326.931950435747, 3127.954394721184, -16.79040070736786, 768.7897212004236, -15.669217240857222, -16.624613238100046, -16.93290618177659, -16.974467477099143, -17.30478176661331, -16.94235145707436, -16.82955976478695, -16.94021689366491, -16.886843514142043, -16.891436545707762, -16.830534017980625, -16.715460491099545, 2584.2230571951886, -16.837634775350224, -16.89627883889809, 83.5887456769595, 283.04307802883056, -16.872822632766976, -16.924026791797846, -17.326176563648378, -16.361273262610517, -17.163408586166792, -17.117573759022992, -16.43157844678016, -16.585188996751008, -16.763961567558766, -16.758768048618514, -16.798953184319647, -16.82005916561494, -16.54552932403511, -17.228974066277, -17.217683522377754, -16.809432009975204, -16.645923597779873, -16.67083321563261, -16.584192842529536, -16.74453242769109, -16.960060377403487, -16.93571284785589, -16.452839988369444, -16.972267631682936, 899.8151232385769, -16.922252288412572, 281.51414229852276, -17.39580301663653, 568.8169245213196, -16.574594050090873, -16.809291738940797, -16.596032851279436, -16.82677831441649, -16.619378092811008, -16.879819763352874, -5.987672000973671, -16.436885989029445], "avg": [-34.65736208510326, 1143.2661880940543, 873.8867482974725, -26.222011904704356, -492.09266005721673, 1019.0853588901189, 130.75933618383002, -385.374724797618, -0.7376557373058972, 718.7462317924986, 337.44781900806436, 666.8048537598095, 167.21355080875642, -500.26495386234717, 1177.3148387213032, -111.6954607148587, 137.38627242779543, -159.76515389859415, 629.914889557475, -146.820780743916, 786.9001732914046, 570.3521173344905, 692.4095365424564, 202.32690467621046, 192.75148021160405, 68.42551136247425, 3.1865549494739582, 643.2366244971208, -35.79488439244528, 278.90518956299945, 445.3946478331938, 143.0816848025282, 440.99143471831894, 196.3660849717377, 85.72204757835172, -18.40839518137734, 20.931618821534705, -18.806428987365546, -18.709323864995348, -18.41674201224877, -18.585758577893202, -18.750833966616756, -18.6337093105442, -18.38786641470329, -18.413917398855798, -18.583523628048432, -18.31208221333511, -18.2785458865948, -18.645401657684857, 190.96643453303346, -18.11894519683296, -18.46796291276645, -13.218908310652676, -3.5968867969951104, -20.80435568443077, -18.670702096595463, -18.4447152168445, -18.1090213181874, -18.427294544741418, -18.93178198284084, -18.41221445908964, -18.382678385652746, -18.330944334594285, -18.07833424422855, -18.332880555859543, -18.16291076474622, -25.489081690309877, -19.007424739617257, -18.917826569673554, -18.719685363166896, -18.23910443846149, -18.136996482620262, -18.41650209105064, -19.007878704778328, -18.510104992692582, -18.74424184787686, -18.51983857566224, -18.78474076201288, 27.28199427428108, -18.955626773209254, -3.2368724949776615, -19.01938508966658, 11.333635580274068, -18.54512416292487, -18.424171203503946, -18.044172567802757, -18.81067540681783, -18.135329045588655, -18.293683033666323, -18.01609762264531, -18.546151326170868], "ep": [0, 20, 40, 60, 80, 100, 120, 140, 160, 180, 200, 220, 240, 260, 280, 300, 320, 340, 360, 380, 400, 420, 440, 460, 480, 500, 520, 540, 560, 580, 600, 620, 640, 660, 680, 700, 720, 740, 760, 780, 800, 820, 840, 860, 880, 900, 920, 940, 960, 980, 1000, 1020, 1040, 1060, 1080, 1100, 1120, 1140, 1160, 1180, 1200, 1220, 1240, 1260, 1280, 1300, 1320, 1340, 1360, 1380, 1400, 1420, 1440, 1460, 1480, 1500, 1520, 1540, 1560, 1580, 1600, 1620, 1640, 1660, 1680, 1700, 1720, 1740, 1760, 1780, 1800], "min": [-693.1472417020652, -1584.0524241874418, -1285.0340446385035, -1771.6395593279426, -1719.0848416214824, -1638.2705920221663, -1563.9565944090498, -2045.5473462990303, -1615.8603824650597, -1420.5267392686028, -1215.970041885084, -1346.0513355258397, -1524.3870199185849, -2035.5365002544956, -2014.7933971848172, -1730.355845283397, -1580.2566849850336, -2232.003647532073, -1488.3217660407759, -1892.532564099128, -1393.3391876226244, -1245.0329340398582, -1708.8372974311487, -1234.7913931612577, -1623.0485299022862, -1734.8908977981803, -1817.060486724284, -1442.1773342240808, -1388.5510274497296, -1376.5879813668007, -1104.3176735007364, -1283.0568417776672, -1485.3356080856054, -1237.6502539579471, -1159.7256329418306, -21.484937271428848, -20.241249440993347, -23.840881283863926, -25.42241688460002, -22.542127553051866, -20.091490891339305, -21.067542173611333, -20.994021938933905, -20.94201296035904, -20.264379377544543, -21.07515910575079, -21.38233322783117, -21.73648120117379, -21.186888123178612, -55.8949373141882, -20.66430625771411, -20.812059900860014, -20.769567425885118, -21.03404995835725, -70.69509158283495, -21.0199386163301, -20.98552152230502, -21.347164054132847, -20.84325112203788, -22.742680976883396, -21.259569247803032, -19.96018449998397, -19.718286677689, -20.47555624163555, -23.493492861436334, -20.159798567064474, -164.22475673083812, -22.01217705079189, -21.223558379910386, -21.749872975978604, -21.663554183891968, -20.33519987765777, -21.206291021381173, -22.679580462040203, -20.307803142097036, -22.88723216055269, -20.641064374357388, -20.938384617458983, -20.776252625292717, -21.93701290089928, -20.219023532001604, -21.34757514362377, -21.338948515844525, -20.401246056746665, -21.11552716720104, -20.084632757553194, -20.46573542285932, -20.071276535241434, -21.38172593923211, -21.209005194727666, -22.26321022093917]}, "lr": 0.01, "move_step": 1.0, "limit_upright": 0.5, "action_size": 3, "start_date": "05-09-2021_11:57", "gamma": 0.95}