{"end_date": "04-09-2021_05:26", "rewards": {"max": [1836.0751655246668, 2586.9691105221336, 2334.6064492804544, 4264.273064381973, 6121.034646255425, 1969.432853456599, 7054.331512599791, 1911.2561208763052, 1291.8054995536877, 2156.3763192064453, 5813.239984712589, 2857.5161756644598, 5533.55894523922, 6100.133550714788, 14574.901303965553, 11995.267349689682, 7865.672712147803, 11739.207548198541, 4144.291284931939, 3104.9675043649195, 14187.051521124193, 2643.723827845136, 10258.901177134336, 1979.062143869957, 3394.4326566015066, 7438.050702667941, 2216.8791807808066, 4639.007040592002, 3375.58921093047, 6890.985601943872, 2209.939572699751, 6040.297613029711, 3335.7171375241746, 8855.145965982192, 6789.799531933762, 8252.231030438432, 4739.321034967178, 912.5466750516309, 6405.624379960084, 11241.92853366277, 954.5794461184274, 3150.6834597743327, 8939.77158562802, 8961.937089565, 3901.3876352835573, 5661.829843446715, 1508.915974252678, 6073.824564384709], "avg": [91.80375827623334, 449.6542618259579, 183.20249182614, 558.2459561990388, 901.3739104709042, 540.2371512395623, 1248.566708022511, 365.6665311664895, 307.26895011919146, 471.67004887055754, 714.5157249741793, 623.841256095244, -573.7518341381228, -951.7409990437418, 637.522400417576, 441.4781080046088, 792.1527698297739, -216.2577599190321, -614.1820093920472, -2050.3589286543547, -428.2340145307253, -1478.3518707163857, 419.8020803332705, -120.46764772126014, -1162.5507626414305, -566.6681827249583, -1317.5252932140888, -72.74166965470091, -787.8028604596368, -1078.2544650525367, -145.59196491280187, -204.0930141010533, -532.7752073380694, -1121.4896916079124, -881.870152136702, -600.9799679555871, -409.64113514674284, -1293.139254347414, -860.6385907020716, -848.384144395944, -1414.915170839822, -1351.7576694389568, -1050.908993007849, -263.2566659816019, -325.7753896793185, -1792.45999506349, -1436.3049203685127, -1188.1511885248572], "ep": [0, 20, 40, 60, 80, 100, 120, 140, 160, 180, 200, 220, 240, 260, 280, 300, 320, 340, 360, 380, 400, 420, 440, 460, 480, 500, 520, 540, 560, 580, 600, 620, 640, 660, 680, 700, 720, 740, 760, 780, 800, 820, 840, 860, 880, 900, 920, 940], "min": [1836.0751655246668, -915.5402535495754, -952.2426183347728, -985.379294417754, -715.1233474846435, -1322.2238911585541, -865.7032633185707, -586.7571494262293, -670.4080155215412, -1057.3460895671624, -860.1735969113824, -462.5273089991997, -4607.4022050497215, -5886.637779575653, -4537.67955034699, -5657.062129964951, -3673.889670409038, -6458.432759459634, -4420.529054439871, -5869.553348108103, -5352.0956894304745, -6404.649414399964, -4624.260484279085, -2190.643728213572, -4794.873701391128, -4263.012556019084, -5059.766822924311, -2782.5606841901217, -4336.694329871055, -5729.093601577636, -2174.988787948934, -6043.055401695914, -5761.692332111661, -7310.791147967795, -5562.608972975011, -5404.449717217185, -6000.299748782759, -4841.164092463205, -5296.37740468889, -6190.241965216084, -5423.913265701046, -5785.118011805841, -5868.238108634094, -5227.975242561282, -7112.171437377417, -6951.270986152912, -5255.464200940544, -6622.129032770894]}, "lr": 0.001, "move_step": 1.0, "limit_upright": 0.5, "action_size": 8, "start_date": "03-09-2021_23:59", "gamma": 0.95}