{"end_date": "07-09-2021_07:43", "rewards": {"max": [509.0283644279024, 3495.630232892234, 5594.014239040645, 5206.956849055953, 4054.5244395502937, 1418.5209503464448, 2794.6358166385503, 4876.848557822539, 3648.6857449305908, 4506.287604541223, 5783.668832042352, 7783.4688202922525, 5632.083285246335, 3958.6020872828512, 4886.841947720098, 5602.221689961858, 6080.017663146812, 5861.259117837257, 9141.89052858927, 5680.346631807619, 4955.376611531526, 6198.472475345583, 4862.456231408472, 4623.616051437762, 4538.463253954828, 4715.134293417099, 2506.8288721794547, 6735.4460115140155, 5944.561784799116, 5651.915420175055, 5868.717811398918, 5338.501054215917, 5961.094969099971, 7017.924196169355, 3772.6252127045486, 8060.53153895385, 8059.49047831682, 8067.138141737115, 7550.369544954751, 5401.97128395327, 6681.084274281562, 6244.488204735386, 5214.8059537540275, 6040.504199230786, 6812.544179401835, 4548.163915221795, 7320.409174662389, 3414.5195905059686, 3176.6487164107098, 6566.402346920149, 5215.045379034208, 4326.139440107477, 3839.3080248068827, 3099.902795516411, 3596.2610858813027, 7322.245646710149, 6538.028513809174, 4075.239980849539, 5075.1699552085265, 3514.7052381555322, 3693.285599448406, 4696.395579002458, 3746.5550881836934, 5982.633084541549, 5233.946483583397, 3298.3717582872277, 5073.491582823068, 4027.9784325200635, 2506.188312002691, 1434.6149350447263, 4835.030341230257, 5203.800311499186, 3368.5509379909577, 7901.432450551028, 8094.581538465477, 8421.237232309068, 8791.11184010469, 8074.753564583308, 10540.053245572655, 11075.901942605999, 11293.204141251937, 11718.503171523282, 9671.273915329273, 13135.533903009042, 11725.399382568008, 8598.671812654875, 11223.833808103935, 8390.507647319495, 10087.494725780178, 11008.02210113755, 10123.234107478149, 11523.425973594904, 11521.225264292803, 11510.861086724719, 11707.539039207897, 9783.025590723924, 11006.587615465904, 11789.952029365892, 8556.183278134302, 11000.178029115046, 10574.584720337805], "avg": [25.45141822139512, 1579.80784774457, 1495.5151967266736, 1550.0132642346268, 1547.7830177387734, 328.15330353253836, 896.7717178376275, 1669.7839809011252, 1222.3185839466692, 1447.4945676130244, 1606.3864426203534, 1874.8688994854751, 2028.0197085486202, 1966.9860201281385, 2563.357824588735, 2373.0297883649014, 2836.304899126906, 2336.9540699819217, 2459.1731984373982, 1681.5444845297777, 1563.182842644637, 2052.0383391257074, 1530.972128560252, 1620.1606257094431, 1722.835770491905, 1601.0656793580647, 697.4854384121593, 2659.336008145975, 2627.4422155048514, 2825.082777041105, 3059.3615231732256, 2504.660642481994, 1973.3394966984117, 2164.6122473988266, 1610.0333947446195, 2010.3910225138832, 2939.321739854505, 3590.6439086745095, 3491.232695992291, 2764.757695004767, 2774.7995946528513, 2385.65009785977, 2107.3775463718925, 2594.4746081640837, 2791.453372532968, 2037.5946252313893, 1606.5299598418756, 1252.6812712522621, 2044.4953549027136, 2833.892185266759, 2528.039486332667, 2080.9499542748717, 1444.3595639269627, 1218.3944595348223, 1460.6164716319092, 2678.4014943459815, 3141.9040218937143, 1568.777631499176, 2241.6053824480127, 1387.133656852186, 1821.8897835379544, 1458.9549210056753, 1442.3995747893864, 1429.1585491485343, 985.6462737006071, 714.3057386508235, 695.2672247333232, 1058.4241009764746, 728.9619219820734, 675.9783186586061, 1461.4291199284878, 1416.1357261476637, 1609.869997131984, 2578.469404776045, 3464.70127763369, 3980.246986242626, 3824.029649904353, 4592.251747975412, 4827.33925978404, 5727.129174536431, 5314.350463431631, 6637.9703506643755, 5654.4572938073225, 6847.232077702673, 6225.151616338603, 5759.285711769119, 5995.47357084526, 5144.803496108872, 4770.323772999227, 5874.4646288086715, 5438.739372160653, 5405.0070698631735, 5931.587027473253, 6855.949495682549, 6223.249396429861, 5833.407399093465, 5910.476678375009, 6856.583267301886, 5395.613734342171, 6484.338372619155, 7333.345003339389], "ep": [0, 20, 40, 60, 80, 100, 120, 140, 160, 180, 200, 220, 240, 260, 280, 300, 320, 340, 360, 380, 400, 420, 440, 460, 480, 500, 520, 540, 560, 580, 600, 620, 640, 660, 680, 700, 720, 740, 760, 780, 800, 820, 840, 860, 880, 900, 920, 940, 960, 980, 1000, 1020, 1040, 1060, 1080, 1100, 1120, 1140, 1160, 1180, 1200, 1220, 1240, 1260, 1280, 1300, 1320, 1340, 1360, 1380, 1400, 1420, 1440, 1460, 1480, 1500, 1520, 1540, 1560, 1580, 1600, 1620, 1640, 1660, 1680, 1700, 1720, 1740, 1760, 1780, 1800, 1820, 1840, 1860, 1880, 1900, 1920, 1940, 1960, 1980, 2000], "min": [509.0283644279024, 180.06755936353022, -459.222798224523, -286.1324081566488, -318.04979290820336, -649.8396173562819, -849.4517926386154, 149.9180885588367, -1473.9467261553634, -308.6685223590055, -539.8887987099303, 7.582030806138086, 419.0669751466381, -328.8136379945515, -663.0403160095449, -470.7149468565469, -565.4038389576245, 193.26849280544323, -182.9617249624555, -743.8226559258007, 342.2201728129316, -241.140451321146, -641.8875640273064, 196.6395226251554, 73.11128443263625, -1267.4049160338084, -211.87795375256275, -1041.647192203167, -386.3128989999557, 790.1333807306797, 372.228503104662, 895.4514494336456, -241.1194187152492, -80.189297901357, 235.0118257726845, -941.0769933316013, 942.0250182965749, 753.0462743279617, 1400.0189683379995, 647.1829424789603, 1149.2945080128397, 881.2384620192167, -623.4426568886039, -506.88060420134605, -1584.5685341139645, -824.3440977662358, -90.9047045077914, -1127.0243706912022, 380.947130237425, 711.6310790900088, 320.7805021653921, 464.93462548417415, -126.74537029148111, 40.91304912992378, 499.93424171756067, -410.20949129306894, -29.042308871090714, -604.8671418684964, 346.29175760658626, -66.9266467203552, 290.43014534639576, -251.59594379337952, 308.6293231002397, -415.61428722154244, -1057.713120696492, -1173.2169724592784, -1729.961304288318, -869.4777478620724, -506.7545517557773, -405.2140679614183, -381.46796515669683, -189.71219295642297, -602.5911899167718, -3.4530878503440388, 559.227785342997, -196.69054553235355, 1765.3448978547997, 1123.0136125384827, 732.9938327604928, 1783.0161986605763, 2248.283009471767, 1389.1131700363712, 2088.941424941054, 3517.6619307770043, 1235.7235767007776, 3886.2379346289968, 1871.9148121940775, 2896.2818625177283, 660.0214191913768, 2422.89500080497, 954.7290691780859, 2154.4495764545077, 926.3779458595374, 3524.672948628185, 1599.239476628113, 2980.2679969974756, 3012.3167887535765, 3682.487524067615, 1862.9890985374698, 2954.7049336314126, 5146.991300138206]}, "lr": 0.1, "move_step": 1.0, "limit_upright": 0.5, "action_size": 3, "start_date": "06-09-2021_22:48", "gamma": 0.95}