{"end_date": "06-09-2021_15:26", "rewards": {"max": [1914.9953308290396, 3552.605358744635, 2690.363119191732, 2889.5200006335895, 3162.340311285759, 2377.975015763656, 2819.5407165558695, 3041.3007302741044, 1693.933163404038, 4593.969105194909, 6720.584938851618, 5101.031883651019, 7717.985979796971, 5475.9583915277635, 3574.1069193346843, 5195.540252345956, 3602.85980759814, 5825.164280604081, 6454.956588803144, 3832.2759029369163, 4432.6425261473705, 4140.1048514955855, 2001.6858639914597, 3092.167989411105, 2763.3471198058905, 3278.9378190448106, 3148.9712022121307, 5142.975825335612, 5135.417139227791, 4943.547296153259, 5571.7263856113605, 3682.992933435128, 3207.9475687863273, 4207.8338981892975, 4615.11397004406, 5033.048375149199, 5977.071628649282, 6242.165452224024, 6011.350930024788, 7179.339793537261, 9004.777964007728], "avg": [95.74976654145198, 1296.722968871181, 1193.0948714030817, 970.3305845589421, 872.0269217621596, 758.5300925841651, 1190.3917962817743, 1636.1994379231169, 527.4594254591567, 1305.6897102208136, 1907.5295858754823, 1683.3896640512226, 2179.383603226314, 2120.0608919171186, 1458.5226833449835, 1376.4394397397266, 1097.1538861759257, 2140.428790822677, 2201.6279763732955, 1640.3349214864672, 2049.720100572073, 1580.8516042783122, 1160.1900677797196, 894.3942740007162, 1042.351833410637, 1224.554123933563, 1181.5669247251847, 2423.4519788520647, 1959.5194863148595, 2322.0911559150954, 2423.092886233627, 1826.7817574182052, 1623.23345716926, 2248.538844171785, 2127.378363603162, 1916.0601543021378, 2865.7279801317727, 3190.0318127400847, 3410.3560486525903, 3324.6419425181107, 1902.454276036057], "ep": [0, 20, 40, 60, 80, 100, 120, 140, 160, 180, 200, 220, 240, 260, 280, 300, 320, 340, 360, 380, 400, 420, 440, 460, 480, 500, 520, 540, 560, 580, 600, 620, 640, 660, 680, 700, 720, 740, 760, 780, 800], "min": [1914.9953308290396, -523.204893465969, -263.58895251107094, -438.5889355596596, -258.8907350610121, -997.4171891054432, -52.48472096710649, 295.93005581387314, -392.0881517265601, -174.36143438998008, -199.62173041784467, -121.89441070170245, -106.0065623175428, -294.60597093456596, -52.320578015765435, -62.85353482375845, -345.60789510787924, -12.276133766009561, 315.8195598261725, 22.858955528708137, -83.36216244629468, -193.9855547399633, -231.1653355820465, -748.4009341394118, -734.3582494414633, 85.5687235272006, -181.06554260762232, -76.20684940242243, -70.12032158819672, 385.03695653189556, 862.1679270537661, 322.9110061737421, 164.87213635741819, 416.9536446687952, 349.4411600414603, -57.522868160922414, 1003.6241590471877, 1178.5906388378169, 294.5604477972426, -209.73152048464456, -656.5477211236094]}, "lr": 0.1, "move_step": 1.0, "limit_upright": 0.5, "action_size": 3, "start_date": "06-09-2021_11:56", "gamma": 0.95}