{"end_date": "07-09-2021_15:51", "rewards": {"max": [414.0569195026403, 5521.100286052592, 2776.1287140806594, 3206.438955589084, 4713.309408772787, 4175.909951320455, 3026.482673250619, 2846.461231063364, 3030.5474164123193, 3388.0064232218797, 4997.569006522879, 4028.581714639238, 3004.045759350318, 2234.9570219666475, 4065.7963178831433, 2675.921820643552, 3645.500745441498, 4549.823420333935, 3439.244281193321, 3211.5834305972144, 6226.093901261007, 5966.010394903049, 4363.772018307463, 3239.4795115566344, 2265.0351782113194, 5594.849454676435, 2357.7705191064056, 4989.844599534964, 3673.5320909541188, 3157.789929749177, 5805.280244844643, 4371.387845653699, 3254.5160693662106, 4152.297897297575, 4542.263217795931, 4710.426831415825, 4227.451424636683, 3133.827266803081, 2367.480236587091, 4663.999213792406, 4349.5720132412425, 5209.957503413271, 3234.0456661889743, 5150.317712656204, 4200.670783295144, 5086.855576839866], "avg": [20.702845975132014, 472.36384104947786, 876.1812116673036, 826.9358981639332, 531.4388066049264, 362.6139044726936, 784.489049750245, 1078.0543353244639, 426.3242391987402, 801.1903508211133, 693.6146808278185, 553.4304929473412, 410.21121602519145, 601.6745615863945, 1040.4979499723902, 412.56023014459845, 1037.8809922770674, 1226.5863104792274, 848.0305287201411, 735.4767599082181, 825.793182340573, 1466.6356157129483, 698.916927133374, 59.10371528824842, 333.01569644259007, 1204.0814246608957, 656.9076413321557, 936.7270660136079, 923.0186496668199, 608.3259738292035, 1736.5803975441545, 1253.832718498071, 1055.6102417520576, 1235.9846282725252, 1229.9195761901906, 1831.2840545891315, 1002.5788885259115, 1280.5967687931236, 779.1213644409286, 936.0552127528902, 798.576619202234, 1609.2401947684464, 634.9608679263622, 1859.8219038279663, 1259.82667227765, 1892.943452211663], "ep": [0, 20, 40, 60, 80, 100, 120, 140, 160, 180, 200, 220, 240, 260, 280, 300, 320, 340, 360, 380, 400, 420, 440, 460, 480, 500, 520, 540, 560, 580, 600, 620, 640, 660, 680, 700, 720, 740, 760, 780, 800, 820, 840, 860, 880, 900], "min": [414.0569195026403, -1817.540590274568, -535.55943091129, -1005.5962562724911, -1353.5724564270665, -1450.0745363304557, -1519.360863060036, -769.2120495036886, -1601.8838569903253, -524.9345369477217, -2243.852965206374, -1289.358159599317, -2175.011776384635, -549.7563208419238, -794.1102487319928, -1956.8490561279225, -488.6798108379863, -933.8847440006081, -1833.5406364675955, -1846.7257999102746, -1528.6866410605564, -927.1304731867583, -598.057478895271, -1206.225711022164, -2324.400601633893, -714.3176769375178, -1159.96737427174, -1116.101710493909, -1132.770388894354, -1047.195692552575, 130.5065278631213, -16.798416524554032, -1050.3303491539048, -750.0513207434368, -1999.6109124333552, -624.4088221372444, -1437.8023689973838, -439.8604458559237, -1004.832241726361, -910.318520093522, -2192.9594488444486, -7.8423308643705525, -1465.7675045976905, -322.02818258427703, -890.4707923079901, -2345.5958254854604]}, "lr": 0.1, "move_step": 1.0, "limit_upright": 0.5, "action_size": 3, "start_date": "07-09-2021_11:58", "gamma": 0.95}