{"end_date": "31-08-2021_22:34", "rewards": {"max": [-1298.0127444028137, 2362.3706892319033, 1982.948031976552, 2089.084998592969, 1123.7945769919847, 724.5203418824882, 666.2873178398477, 1182.6862292039461, 1037.1892511961062, -17.451587421082138, 2291.267687830251, 1394.2850416098868, 1793.307828626133, 3310.843439263502, 854.7678638269185, 3665.9738601652384, 2630.2666832950663, 1265.3539594245485, 1443.5855591119384, 2232.498496429487, 5690.850740927282, 2656.65875464463, 2070.4696119416762, 2870.8197034023947, 1423.0271242534586, 5428.464596244991, 1925.1935149534618, 1323.2956946428146, 1554.0136405568596, 1154.2399317504305, 2147.490019468944, 931.0719941184902, 1165.3261301329435, 1354.5516983719406, 1255.8545285576336, 2019.0149545200507, 400.0201826064098, -65.98759113375172, 1726.9751858624095, 1381.5757657798097, 2442.4776432022027, 1604.952925799655, 2611.9900780243247, 2294.463803172647, 6274.913423194788, 2551.720219026474, 1695.8723413087869, 2005.963342184276, 1765.7117682290843, 1104.8625371227404, 1855.6328591133763, 2011.0449129292326, 1609.3146909776674], "avg": [-64.90063722014068, -424.6798433081732, -303.2755808998657, -167.12681252017407, -390.2166885092146, -374.09128720496096, -512.9783384479637, -244.35526770422376, -454.5187123934964, -973.2889808150958, -424.2860397409813, -320.54100845864275, -730.8498288090757, -441.39117852814877, -565.5215345081234, -199.2976745950022, -6.532778164683532, -529.0561917912371, -534.1947792016371, -525.7972528217988, 330.78671396685934, -32.60574366350749, -18.48261361077676, 35.67512084033317, -301.07731082883544, 185.40111395950757, -45.164312040404226, -191.7507364424932, -694.6976460992518, -476.181433595201, -749.4310439947419, -827.189786438071, -1162.3890607258286, -280.82601906156486, -884.2332302118868, -434.6953922132285, -761.2464221454519, -914.6836073891105, -890.314714192865, -847.3554904441478, 75.07659079915692, 246.1535254163022, 6.632228704411668, -157.21544456860093, 373.1785527065791, -217.09415368614086, 112.45779830221439, 211.0374056792627, -247.2928527080751, 230.77807325657113, -167.0412534334721, -252.14068934310248, -28.0386386931195], "ep": [0, 20, 40, 60, 80, 100, 120, 140, 160, 180, 200, 220, 240, 260, 280, 300, 320, 340, 360, 380, 400, 420, 440, 460, 480, 500, 520, 540, 560, 580, 600, 620, 640, 660, 680, 700, 720, 740, 760, 780, 800, 820, 840, 860, 880, 900, 920, 940, 960, 980, 1000, 1020, 1040], "min": [-1298.0127444028137, -1989.4426580491938, -1575.3799516398644, -1404.1536207658662, -1590.539241964248, -1535.9403056261585, -1766.2877368724678, -1636.3891150773163, -1588.007687986431, -1985.2563630802438, -1689.5618533515174, -1422.3065487268138, -2466.7131388253547, -2572.786710213764, -1552.3160800165847, -1955.1837558223672, -1660.9291952834099, -1572.554215065178, -2698.7490480780752, -1967.3019683958948, -1848.8602035450863, -1730.5218285932317, -1457.3813067240926, -3140.0298299505816, -1828.6740281901123, -1540.4590752529364, -1171.560753170209, -1786.8204189631454, -2609.773940836732, -2734.829150337667, -2681.0772175772727, -3520.188579186286, -3006.409472607663, -2617.477386178929, -2591.1373986620424, -2780.5671769945843, -2813.13681029873, -2335.0640260941173, -4091.2311412215026, -3811.4786394861817, -2244.202318457727, -1337.5178851408941, -1985.8359161880871, -3187.14215074132, -2177.613915444556, -1985.0218187270073, -1763.0143038306394, -1125.5942356129226, -2605.446485222972, -1056.0209116903065, -2590.0568436562107, -2575.308439309618, -2701.9526310004753]}, "lr": 0.001, "move_step": 3.0, "limit_upright": 0.7, "action_size": 8, "start_date": "31-08-2021_18:47", "gamma": 0.95}