{"end_date": "05-09-2021_03:56", "rewards": {"max": [3028.6270073532214, 5382.869198660242, 7005.776531286668, 2818.7308694173657, 4795.673644678503, -31.500869010996556, 89.05859162108584, -31.522606439188255, -31.47771950892594, 1084.340609206684, -31.366112480197938, -31.564437510850357, -31.223875180596707, -30.3265616020992, -31.486278563294302, -23.697700494361452, -24.16263859180855, -31.317516727862014, -31.508283050590077, -31.516761193012027, -31.559108692936856, -31.258197180200945, -31.470192484645292, -31.283269938987345, 654.0153908043728, -31.325543799406017, -31.202573069261003, -31.3651343669632, -31.080541717820445, 480.1917778693222, 3889.2131640290377, -31.411158155810355, 3002.8260376473627, 74.15276424095141, -31.361989859031738, -31.544969712787264, -31.57331715392863, 368.47185000867034, -31.497629073808735, -31.36307684354366, -31.535869565231003, 4336.66261915011, -30.625719137204037, -31.56991832076117, -31.147446910429096, -31.43898417412435, -31.24183969183926, -30.644267657523795, 188.41834107792806, -28.93773052010848, -31.346095483592187, -31.585895437511446, -28.31271613049974, 8546.938070288834, 13748.759165119212, -31.335645938521584, -29.994432059706035, -31.25913480633026, 5062.530111078244, 5846.038343808076, -26.041134972504338, -31.378270612445913, -30.695692735675593, -31.24352657920769, -31.49665900263008, -31.140187740746978, 9645.424932639336, -31.316339232279695, -31.440990882318143, -31.47476385894603, 5464.141614335049, -31.378834067810995, -31.346761209777874, -31.451646581262974, -31.24455576589358, -31.513085742257417, -31.354918810317, -31.414203342233943, -31.53414236962248, -31.430631353875484, -31.432912643572664, -31.287000947060545, 1075.1355675034924, 8492.331453221206, -28.435443558606416, -26.72848984643468, -31.618381497656934, -31.477485198276163, -31.235959664129794, -31.402746165297373, 7189.269220480227, -31.276845113418098, -31.484247331895336, 3696.987458475808, -31.058198937179167, 11397.513263757068, -31.56207804226263, -31.457391221985393, 8743.141265305223, -31.132746557800363], "avg": [151.43135036766108, 311.7027577078965, 810.6957336102544, -103.39914478724566, 516.9554151387767, -32.029457982543164, -28.104450247766827, -32.210066620324355, -32.166029853920065, 45.06127932008195, -32.03978269519874, -32.16863372853273, -32.19505594504484, -32.04350855763202, -31.94973152437597, -31.656732255056852, -31.688222008226525, -32.05107049420955, -32.13023076100595, -32.16531529530663, -31.98774050037746, -32.07356613075128, -32.1072544345512, -32.24020260344062, 0.3260447978727086, -32.09128768380615, -32.152552929716585, -32.13317033983691, -32.12467752551329, 12.986357328734073, 157.53927186874733, -32.092031637639415, 119.51522181698184, -36.10799289635237, -32.24194686233185, -32.075847434302624, -32.29103932655068, -12.151008066224621, -32.27401413950508, -32.15935686603346, -32.27694559738785, 211.24089243413445, -32.167447088659614, -32.06429847440937, -32.26600368944441, -32.15533206608315, -32.15624257560958, -32.257153388294896, -20.96318374621145, -32.03621844631502, -32.25389854208065, -32.14444493984951, -32.007596435153985, 695.9198002766955, 677.1084219455026, -69.24312674447253, -31.992843298177313, -32.311142453314794, 222.62985678110925, 372.3246182951452, -31.75134872217972, -32.062867688698404, -32.22415401305895, -32.25374141082691, -32.1319098436053, -33.24429068797965, 451.95458860968546, -32.20127396768031, -32.338058606542994, -31.998137524082114, 242.7269815982087, -32.19853791101586, -32.06082648649744, -32.25329525094617, -32.10258794106524, -32.186634708388816, -32.11091481376232, -32.13910796406766, -32.105273263254986, -32.1025809980935, -32.24316981287671, -35.25563946663558, 20.16853903823435, 393.9585859395355, -33.66222814418866, -31.798338806866077, -32.23629885031346, -32.147823861989544, -32.22066475077271, -32.22783226443727, 355.053308215078, -32.126296740843536, -32.222595664188916, 154.493759607031, -32.10916588648709, 539.3680772198284, -32.088956553161786, -32.09186624620254, 1072.1268328370427, -32.17646515200552], "ep": [0, 20, 40, 60, 80, 100, 120, 140, 160, 180, 200, 220, 240, 260, 280, 300, 320, 340, 360, 380, 400, 420, 440, 460, 480, 500, 520, 540, 560, 580, 600, 620, 640, 660, 680, 700, 720, 740, 760, 780, 800, 820, 840, 860, 880, 900, 920, 940, 960, 980, 1000, 1020, 1040, 1060, 1080, 1100, 1120, 1140, 1160, 1180, 1200, 1220, 1240, 1260, 1280, 1300, 1320, 1340, 1360, 1380, 1400, 1420, 1440, 1460, 1480, 1500, 1520, 1540, 1560, 1580, 1600, 1620, 1640, 1660, 1680, 1700, 1720, 1740, 1760, 1780, 1800, 1820, 1840, 1860, 1880, 1900, 1920, 1940, 1960, 1980], "min": [3028.6270073532214, -1395.313734914123, -1928.985361197623, -2151.974260886501, -596.0890181291437, -33.11901780415003, -70.24438975351752, -33.13258232349131, -33.5326675663849, -727.2141129714147, -33.00145430739777, -33.255066611456236, -32.89765219526636, -33.24334943124342, -32.35611513324509, -32.7568627255562, -34.53649696000221, -33.07406838222594, -33.01973048130918, -33.115536652590414, -32.54782949207678, -33.15224052831733, -32.931477155011535, -32.99548274398446, -66.55083565701926, -32.6952257054558, -33.03253160521709, -33.01772904991196, -33.02300573242637, -99.21470632021514, -104.7711831802074, -33.00851286231099, -33.21845311943643, -216.08050254646136, -33.61741536993969, -32.95544617746423, -33.21996824398289, -33.28414863736274, -33.03450126520234, -33.383531019295994, -33.06715420958648, -71.985307080525, -33.16963161937007, -32.757666063710744, -35.42788129584679, -33.00564076466929, -33.006401574075866, -33.13380222457685, -32.95870754535677, -33.047665357272855, -33.14318550746817, -32.96772624967514, -33.31509018447759, -32.856526731489076, -124.83488500973759, -738.4867398583111, -32.88982919776741, -33.535541210343816, -33.19808913288415, -80.73714623310003, -32.597832103692184, -33.244227432904395, -33.75996437163263, -33.17900074613614, -32.93424148004245, -55.44414038128879, -32.81828002149806, -32.92954804590579, -33.122984673626135, -32.59397515652358, -32.88123287777406, -32.83154455358091, -32.836396735212325, -33.13198135071097, -33.285449428645435, -32.966540304051165, -32.882530741425256, -33.15619557545829, -32.985696732123614, -33.14753333967202, -32.86663959216924, -89.8998932362729, -83.29723606449772, -33.067662235124445, -68.59219951310342, -32.93394022486394, -32.895737195573254, -32.8334831906753, -33.16062287434771, -33.251285528503665, -76.06973884891708, -33.30424226979584, -32.95424019397394, -33.005868565899405, -32.98765440137253, -32.7209022171783, -32.73145130713925, -32.862579029341, -33.17567255396022, -33.37478546013048]}, "lr": 0.01, "move_step": 1.0, "limit_upright": 0.5, "action_size": 2, "start_date": "05-09-2021_03:01", "gamma": 0.95}