{"end_date": "08-09-2021_14:29", "rewards": {"max": [3022.362624418451, 4123.575541399791, 6617.612430881406, 3386.0682497211433, 6296.891915581928, 4805.312429910444, 4431.403121243959, 6449.186625166699, 4061.70434143719, 4970.889421653618, 3198.0376104259894, 4142.158487254175, 5778.481739771161, 3774.1391442003287, 3140.072627561002, 3142.280256441068, 5198.796075121892, 4962.013426836101, 2191.7107805304136, 4990.259213533466, 6273.332272481582, 4855.259991743538, 2952.663942016732, 3553.5282274857545, 4414.114468762056, 5448.4588390762565, 3911.898209144921, 5450.6086467405985, 2995.6768620371613, 5627.259848758045, 2261.4028573015967, 3524.3038649855444, 4079.893280472906, 4496.635603025455, 4033.035491876693, 3813.72557897005, 4332.254622512764, 5112.191199853564, 4028.3103973652114, 7018.696990907575, 9025.12609286951, 5532.823046622205, 4654.377742731857, 4781.223365126905, 3954.2261991764512, 2491.440701462525, 3592.43779747604, 5771.604130762098, 5654.147056970903, 6102.686915053783, 6784.753448956707, 5012.851187385765, 6388.916420156413, 7517.934045220214], "avg": [151.11813122092255, 294.74850577966515, 824.4777832762969, 8.765509092107944, 1129.41451983774, 535.0433015850847, 595.7749657750443, 22.96625982182339, 523.3601598624643, 320.8643653257662, -164.5982826022261, 661.9863925525854, 1029.3857652567528, 544.4106974192451, 452.3987655384741, 223.3634867123047, 785.6198626520352, 930.7255202088318, 609.8999562584443, 892.8711289392129, 1771.1232014526329, 1020.8873308608385, 899.2619875257766, 1233.9125242596367, 1139.1522481788984, 778.0627999115635, 901.7755464141477, 1477.2959735713712, 1401.0729751261124, 1506.8107348091935, 1071.5804811042592, 1257.7524665567137, 1253.3510440421119, 1185.0613862620626, 1311.2633623223326, 1562.538695786982, 2019.9121998191108, 1224.862820661123, 1748.8952658978185, 2357.092746903797, 1553.8708729461262, 1900.5413085837504, 1792.9546872225212, 1753.3814164601142, 1133.2167673246786, 1630.5337758056003, 1402.629831464907, 1989.474312220978, 2321.86905962878, 2930.0721006065733, 3146.6938801970164, 2922.2861459083124, 3259.1812822355378, 4245.473425523473], "ep": [0, 20, 40, 60, 80, 100, 120, 140, 160, 180, 200, 220, 240, 260, 280, 300, 320, 340, 360, 380, 400, 420, 440, 460, 480, 500, 520, 540, 560, 580, 600, 620, 640, 660, 680, 700, 720, 740, 760, 780, 800, 820, 840, 860, 880, 900, 920, 940, 960, 980, 1000, 1020, 1040, 1060], "min": [3022.362624418451, -1417.1314979585852, -1622.6734159925522, -1530.8807885210517, -1849.9372943518276, -2059.230280157836, -1302.3178706401907, -2118.81253093715, -1752.5388073714923, -1811.9689940586534, -2227.4673914696023, -2146.93051456974, -1035.4575984054452, -1760.4147411620559, -1170.9702900340158, -2012.998581230957, -2149.479555857451, -856.944201023457, -1339.0573098929858, -1486.0683282261932, -531.9525895448481, -490.3528286823947, -1622.932327378165, -1235.5043165043683, -658.8543433270693, -1719.4002277736333, -1287.7259332923823, -929.3983153416578, -1533.787162317679, -495.4426514913946, -104.33140480388376, -1733.1012797013648, -683.1294258148207, -1275.3422863316048, -192.8992587852345, -1118.2734947677898, -557.4906050928757, -2203.3844620774667, -170.42915463203624, -1623.1349904440003, -1262.020106768603, -480.45833871964663, -1021.2008199266216, -377.4654039775788, -564.6902416866006, 588.1401505092746, -616.1515252142254, -1112.2367431805146, -400.8492681552436, -186.20347811328102, 192.26931967104306, 847.3356776508269, -1470.1403011662912, 1219.260215386845]}, "lr": 0.1, "move_step": 1.0, "limit_upright": 0.5, "action_size": 3, "start_date": "08-09-2021_09:57", "gamma": 0.95}