{"end_date": "06-09-2021_21:41", "rewards": {"max": [4883.663158627208, 5181.220120189533, 3952.713237147312, 3188.569228500762, 7384.386248920181, 4579.822718882242, 1895.7034029719669, 3182.5985208711318, 3321.8098618312292, 8471.248348924684, 4033.6756954003617, 3775.7851107791707, 3777.316132567381, 4321.71068966078, 6114.346607730099, 3064.5469154805655, 4218.493850594036, 3816.870630237084, 3410.2749196871996, 4096.375458715071, 3070.3126977870916, 2808.8466732945803, 3818.9264383449604, 2221.2954922791982, 5164.071065861693, 4088.7540909552827, 3488.653697276962, 5377.763901506521, 2527.215256647019, 3029.154399147201, 1953.1071802645383, 3474.906555164154, 3803.308942541596, 1919.6512600098697, 2267.711521639918, 2797.3502422856645, 3827.564612914685, 4155.169804525549, 2473.098636393352, 3320.1071019353894, 5264.27824011939, 4635.54414415995, 4002.542529722173, 3003.422322677484, 3692.7893925041203, 3453.1568798178555, 2993.6833957914237, 5846.559588024652, 3677.7310126922057, 3318.1311099088484, 2822.33764639177, 2219.2408059722197, 3109.110563237698, 1952.2071477520342, 3422.5772814940697, 3326.54378894485, 3667.9680756523385, 3565.6308613597303, 1974.9331684528545, 4410.255995156223, 3094.7822846837894, 4211.459065769638, 5252.927811705288, 5566.79520921867, 2936.190056006945, 2752.0141553712506, 3683.5035847590266, 3872.287442416396, 4537.517320158091, 2651.4752275448927, 4524.783510991645, 4753.392525923615, 5250.553448924344, 2686.1668270535665], "avg": [244.1831579313604, 1272.737158533681, 346.85775130881177, -24.795526128898416, 674.5121835849493, 426.15410117770324, -71.12358309705748, -20.729976176424124, 919.7382910845212, 615.3831564634893, 496.8092455544819, -136.14467523111566, 255.39310044955792, 19.345649348872875, 181.4014573615944, 570.177334847347, 35.68092852154863, 129.92760790693984, 125.393927417674, 402.77611942805754, 467.8210501317718, 165.03515736892578, 202.9178162880106, 559.8718845956835, 829.7537587194726, 167.24056460828524, 214.97785898544424, 503.77880523520724, 278.1184820892929, 389.37286322189055, 252.63784426282254, 368.1035796990312, 372.27841020062385, 112.91713084107127, 124.93973422048866, 413.7708290814504, 896.389719655984, 660.8314510982004, 642.8284817560127, 594.1141039835986, 1063.768671179973, 1641.9954459690157, 1021.152234872525, 627.006698146484, 426.93441725198744, 806.5168206770011, 587.6568915659602, 731.9386314996118, 1183.5900138536979, 1200.8129401115466, 785.9322930192227, 814.9140312895067, 815.281548359967, 624.733090416818, 740.2276260181588, 1301.8238876389935, 1090.3514803597038, 1013.4851656505846, 433.67975305965047, 1515.961280630127, 839.516885601906, 1258.7178648260692, 1041.451858149199, 1268.292318766233, 763.8890116333771, 1048.6659177635484, 1304.1095877519297, 1563.256939618564, 1966.7201825361437, 816.5422081472022, 1479.0019437896901, 1935.1567913403226, 881.0121726628802, 88.10400632930131], "ep": [0, 20, 40, 60, 80, 100, 120, 140, 160, 180, 200, 220, 240, 260, 280, 300, 320, 340, 360, 380, 400, 420, 440, 460, 480, 500, 520, 540, 560, 580, 600, 620, 640, 660, 680, 700, 720, 740, 760, 780, 800, 820, 840, 860, 880, 900, 920, 940, 960, 980, 1000, 1020, 1040, 1060, 1080, 1100, 1120, 1140, 1160, 1180, 1200, 1220, 1240, 1260, 1280, 1300, 1320, 1340, 1360, 1380, 1400, 1420, 1440, 1460], "min": [4883.663158627208, -1462.4516364941305, -1763.1943458961746, -2094.267080200429, -1750.3811141294648, -1471.6690409079522, -1587.9960260877072, -1767.7906393924573, -1007.7189131196795, -1918.4380070816953, -1673.645865451232, -2002.757267343547, -2341.9304868665354, -1707.538454749868, -2127.110474738838, -1654.0513051510611, -1605.897900736007, -1811.032846332492, -1428.2649831789702, -1358.8094676570984, -1583.9383725863106, -1513.9724740350334, -1354.1000968470971, -1185.1031689785075, -1139.1814399917935, -1349.1412511965218, -1940.9889841298325, -1351.887297652908, -1061.1212427168093, -1523.3275733243765, -2004.7148101076266, -1198.545046585301, -1640.8914409907513, -1565.2943508511755, -1732.1263308159605, -1373.064874196104, -1414.1898605863762, -2052.960517786694, -1608.1055890174987, -628.1496946403001, -524.5920421337978, -309.2658212661428, -1559.9953234589093, -2023.8249268296504, -2109.1775814104226, -1782.7009285451923, -774.3464288712299, -935.8085353914279, -745.5584585166263, -444.29239489018863, -1169.1624804112323, -385.0839724532585, -443.4447885394329, -580.4892717069467, -685.1896331294399, 144.3416131588049, -355.9807264174861, -998.0844211213272, -1490.725653300936, -1199.662060137201, -465.4284547401211, -553.6283389121222, -651.5741677335127, -148.51009806455585, -1038.4068418277977, -1368.1071324826235, -135.49836032311615, -406.4211406640557, 103.53524994449266, -1879.0005708883466, -838.0268724085198, 56.170614589385465, -372.04578274644797, -111.9775538949681]}, "lr": 0.1, "move_step": 1.0, "limit_upright": 0.5, "action_size": 3, "start_date": "06-09-2021_15:28", "gamma": 0.95}