{"end_date": "06-09-2021_11:37", "rewards": {"max": [-495.3805883394047, 6386.2643043014805, 4847.838605274841, 3783.8366423878247, 4295.348123248428, 3782.5836912168866, 5523.456221161834, 3639.3063516260677, 2020.610608852692, 1305.945109569495, 3135.7984611449547, 7099.683820569807, 3986.197320766043, 4267.93806351176, 6819.524535687, 3303.525577284473, 2337.610904762202, 4620.070226983357, 1663.895261286746, 4832.670477711279, 2711.114134307892, 3438.777374829916, 4215.586806136895, 5234.922600349642, 2472.2236868853183, 4132.608209342925, 2424.8886835885532, 6585.1618402971335, 2717.327725650571, 3337.945537014132, 5076.447387374801, 1443.3297273285377, 5122.787995627953, 3627.159912811966, 3107.762352158944, 3895.3800649361588, 2832.300386486959, 3642.2323146815784, 3145.882814703973, 2802.9474769854287, 3547.405988672223, 2297.292224909095, 3136.6855307394653, 2697.44702936121, 3010.975701029333, 2812.631437780042, 2888.1313351056438, 3600.603255406225, 1644.664877050728, 3617.393916553721, 3698.0885908179794, 2309.3521993912195, 3202.033205797055, 3347.623186510465, 3287.347329293595, 5119.642714361718, 3633.7408546945603, 2571.036878089338, 4671.534181129259, 2583.4412566335354, 3904.233411849219, 3626.343259319518, 2564.5310887311384, 3102.892461928857, 3539.0046174140143], "avg": [-24.769029416970234, 148.72305536442326, 746.9567685619729, -180.48470602106426, 411.46104851214693, 293.62777485236194, 438.72470771211766, 236.59000109463304, -237.89797087680017, -257.4085109155088, 64.83792131054447, 169.46796656761757, 298.9993681185768, 264.4577110093087, 644.8371875543817, 394.24210246487155, 251.15386511895082, 983.9598192972265, -123.76391795088382, 198.0062109323987, 524.7439986627669, 680.3824814447768, 543.1852172512416, 552.2109907745827, 352.32418986643506, 285.880469112638, 592.3221951581385, 1000.2747500423011, 380.1241706159559, 778.2782766109676, 462.10982638730337, 288.742731391066, 1033.840691434475, 1201.8809514559166, 803.0607121668509, 1341.5997533759125, 529.016751568432, 489.0376630382637, 853.3959424433845, 687.8812762998822, 823.8537618068746, 661.4317706640117, 748.8949501441822, 647.9607549164258, 922.7768871772072, 884.1794172195365, 1072.6909610848388, 770.0214460220164, 715.6397288452915, 1251.388310941738, 577.989732468262, 672.9372566120348, 846.5922733854134, 1336.5964976314558, 707.8167468515205, 1223.6923077890692, 1119.4317388657844, 1029.2989419130897, 1963.118973319355, 918.2574551641958, 1477.7416333710773, 1473.9714060417546, 921.7551382416374, 1135.360587594608, 849.4772127235603], "ep": [0, 20, 40, 60, 80, 100, 120, 140, 160, 180, 200, 220, 240, 260, 280, 300, 320, 340, 360, 380, 400, 420, 440, 460, 480, 500, 520, 540, 560, 580, 600, 620, 640, 660, 680, 700, 720, 740, 760, 780, 800, 820, 840, 860, 880, 900, 920, 940, 960, 980, 1000, 1020, 1040, 1060, 1080, 1100, 1120, 1140, 1160, 1180, 1200, 1220, 1240, 1260, 1280], "min": [-495.3805883394047, -1947.8510622839374, -1686.5106404615296, -2087.4525728089116, -1309.792745584832, -1360.919197878363, -1448.7792886300401, -1790.6282066563315, -1414.6838672551141, -1738.6073789502002, -1931.008438890203, -1831.5230572904686, -1924.835592478004, -1756.6398964921889, -1393.6099989989148, -1409.7931907979391, -1480.597245174504, -1489.1613413850494, -1189.3516777809107, -1427.0637840010002, -1486.3666202617555, -1720.2635834685675, -1894.7584341324273, -1490.4673865944462, -1557.1417250388129, -1674.1522469761387, -840.5680594352274, -1117.8780137346587, -2233.5972728888346, -1813.1432983096965, -1817.5106739396763, -1110.3711052765323, -1487.627891208028, -1306.3636643981577, -935.3230916784283, -461.24560997460424, -1501.5946640966636, -1879.761430288348, -2036.1955290480835, -997.8289763285887, -1252.359467847638, -1271.0738024799116, -1329.2888307754656, -2005.4666572508063, -613.4899710370016, -280.9422980632282, -867.0670737535434, -485.72123281537324, -878.3331949532468, -330.82275393610286, -1119.4373253691433, -232.5900118170702, -1436.8139835250515, -322.97975171363066, -1561.8651585734924, -250.3808326592977, -152.12600813542122, -1257.707468561686, 323.30003657353717, -754.4310924942635, -218.57984850597245, -213.49262486151395, -186.4234234098015, -154.1297706364455, -661.7297523290499]}, "lr": 0.1, "move_step": 1.0, "limit_upright": 0.5, "action_size": 3, "start_date": "06-09-2021_06:07", "gamma": 0.95}