{"end_date": "08-09-2021_21:48", "rewards": {"max": [-1623.8939274785635, 4646.287106530848, 1958.11307479235, 4778.033354076904, 6112.62959280376, 3565.703462395756, 3307.2396809980946, 4218.242657378621, 4398.416054307659, 3922.575776952916, 2519.2443084172933, 3083.1344003017825, 5594.679529394939, 2629.8063001015325, 4135.423859874442, 3354.5905360073925, 1772.199189979681, 3625.142576799977, 2466.2846480166017, 4557.64886524354, 2483.2982116498797, 3227.99378247005, 3042.292597469947, 1953.5824881468166, 2732.4277648624384, 3387.412025257348, 6689.181213556221, 4853.8957241797, 5053.267334932601, 5496.674265411416, 3911.2825277146567, 6069.204659286281, 5623.332124733901, 3750.8832548121236, 4484.12880188003, 5207.994076579283, 4051.2001617061574, 4688.663405545161, 5057.111735450822, 4748.798634864643, 3886.3950060833477, 5161.770083823007, 3364.2789415854063, 2455.25562780602, 4867.732230743427, 4929.001065952843, 3253.646523982638, 3001.6068855354742, 7346.633805504621, 1636.5214539594926, 5350.04442142771, 5234.038056119794, 5194.610150108923, 4773.072911815764, 6826.900353744613, 6742.195274300837], "avg": [-81.19469637392817, 358.8733396210922, -1.9308219838115974, 151.91646649802178, 584.779994486232, 594.565475426461, -95.96415800669726, 419.99266742084893, 291.0024730087459, 221.5274638536683, 35.940671623330324, 350.06616868002436, 640.360899145234, 252.5482107099636, 292.70908688181544, 702.4135295171362, 269.3231219260564, 826.634321375119, 544.765441446991, 985.9393204161408, 584.6638628713329, 821.3760807807864, 1102.8734985242393, 302.62480841484063, 1206.806158267133, 683.5673020308657, 1174.864403996898, 1136.0103289566905, 1839.8609044244408, 1516.4623989659578, 1330.3825633153845, 1359.2591461228756, 2137.688165831446, 1408.415947606117, 1954.052667930408, 1666.5406025647558, 1186.8448823491622, 1615.8695792544972, 1478.6305384900802, 771.6570830423865, 1114.2094325736377, 1678.6625100654874, 1384.4718206996272, 68.14700629828884, 1611.6638483515894, 2153.631214851759, 805.4521875891594, 1052.8484491326415, 1416.2673148187168, 651.479054273034, 2016.086485609494, 1279.9656627811453, 1497.1205008763354, 2442.378014519658, 3512.485645243088, 4376.528030860466], "ep": [0, 20, 40, 60, 80, 100, 120, 140, 160, 180, 200, 220, 240, 260, 280, 300, 320, 340, 360, 380, 400, 420, 440, 460, 480, 500, 520, 540, 560, 580, 600, 620, 640, 660, 680, 700, 720, 740, 760, 780, 800, 820, 840, 860, 880, 900, 920, 940, 960, 980, 1000, 1020, 1040, 1060, 1080, 1100], "min": [-1623.8939274785635, -1495.639742171939, -1363.9173792904403, -1543.2224040991882, -2034.0898198874656, -1842.188295285753, -1876.0789571867876, -1780.9084609865374, -1896.4345024863073, -1884.287548104124, -2251.4270151664523, -896.0649460938583, -1683.6677193116248, -1555.160399897215, -1791.946496604065, -1626.93732696606, -2037.089113036387, -698.3146670131325, -912.9364458260509, -1203.9988829879096, -1631.312606159696, -779.6503819007452, -363.60840470998716, -1430.15402113516, -968.5104637190061, -1527.240597866599, -512.1985521460693, -901.3203661799804, 138.36612753717463, -244.20624917275032, -65.7851139234408, -2559.9673296544265, -528.7391906524034, -1558.176484534295, 224.60715657740056, -147.49465053193262, -1239.345247049758, 217.6340417754359, 422.1787456060093, -2298.5767169081614, -596.9683161472803, 47.18953545384069, 240.8870962119854, -2772.882500482438, -2194.1279077250533, 135.41023345351857, -1907.8356907786517, -2329.3565795590935, 42.48104119139065, -205.013687489755, 291.03483949668725, -2479.1842050597375, -2060.388561036743, -281.9457887172104, 2043.984586410539, 2693.425066974013]}, "lr": 0.1, "move_step": 1.0, "limit_upright": 0.5, "action_size": 3, "start_date": "08-09-2021_16:59", "gamma": 0.95}