{"end_date": "09-09-2021_01:39", "rewards": {"max": [-1623.8939274785635, 4646.287106530848, 1958.11307479235, 4778.033354076904, 6112.62959280376, 3565.703462395756, 3307.2396809980946, 4218.242657378621, 4398.416054307659, 3922.575776952916, 2519.2443084172933, 3083.1344003017825, 5594.679529394939, 2629.8063001015325, 4135.423859874442, 3354.5905360073925, 1772.199189979681, 3625.142576799977, 2466.2846480166017, 4557.64886524354, 2483.2982116498797, 3227.99378247005, 3042.292597469947, 1953.5824881468166, 2732.4277648624384, 3387.412025257348, 6689.181213556221, 4853.8957241797, 5053.267334932601, 5496.674265411416, 3911.2825277146567, 6069.204659286281, 5623.332124733901, 3750.8832548121236, 4484.12880188003, 5207.994076579283, 4051.2001617061574, 4688.663405545161, 5057.111735450822, 4748.798634864643, 3886.3950060833477, 5161.770083823007, 3364.2789415854063, 2455.25562780602, 4867.732230743427, 4929.001065952843, 3253.646523982638, 3001.6068855354742, 7346.633805504621, 1636.5214539594926, 5350.04442142771, 5234.038056119794, 5194.610150108923, 4773.072911815764, 6826.900353744613, 6742.195274300837, 6887.186391190686, 7813.212708500364, 6875.49035607609, 6087.877759280167, 6160.038880711898, 4644.775190671364, 4986.260708538574, 4512.389723344246, 4734.381516211553, 4866.805708825046, 5116.6727947982545, 4912.435195214285, 5449.142650365335, 6406.528694876084, 7485.453575479951, 6889.046940346147, 8676.236471451328, 8430.421030930616, 8423.266822389036, 10366.570438287283, 7215.796403834873, 8844.571751803183, 7525.956148086518, 6153.319759157312, 7783.854470620454, 7347.014417072578, 9279.169899481067, 6552.191338385617, 5810.0098213600595, 6623.116532457656, 7398.826039275825, 5221.072866721769, 4923.296683250756, 4818.240245601402, 4545.283295660646, 5222.63320051051, 3784.2905001663803, 3253.0211169219006, 2964.5123197871512, 3393.235848871868, 3766.483742452352, 2708.91038211738, 2094.7789526287957, 2989.0091405757094], "avg": [-81.19469637392817, 358.8733396210922, -1.9308219838115974, 151.91646649802178, 584.779994486232, 594.565475426461, -95.96415800669726, 419.99266742084893, 291.0024730087459, 221.5274638536683, 35.940671623330324, 350.06616868002436, 640.360899145234, 252.5482107099636, 292.70908688181544, 702.4135295171362, 269.3231219260564, 826.634321375119, 544.765441446991, 985.9393204161408, 584.6638628713329, 821.3760807807864, 1102.8734985242393, 302.62480841484063, 1206.806158267133, 683.5673020308657, 1174.864403996898, 1136.0103289566905, 1839.8609044244408, 1516.4623989659578, 1330.3825633153845, 1359.2591461228756, 2137.688165831446, 1408.415947606117, 1954.052667930408, 1666.5406025647558, 1186.8448823491622, 1615.8695792544972, 1478.6305384900802, 771.6570830423865, 1114.2094325736377, 1678.6625100654874, 1384.4718206996272, 68.14700629828884, 1611.6638483515894, 2153.631214851759, 805.4521875891594, 1052.8484491326415, 1416.2673148187168, 651.479054273034, 2016.086485609494, 1279.9656627811453, 1497.1205008763354, 2442.378014519658, 3512.485645243088, 4376.528030860466, 3792.3080623839924, 4226.211342415266, 3493.5787752920455, 2918.966275336591, 2991.0522780494643, 2825.2308106415867, 3050.0769181371106, 2388.2048803143725, 1895.716405548513, 1670.3666519623162, 2895.29791561655, 2739.201255793187, 2397.284461924143, 3715.61100069776, 3851.985349674875, 3906.1275133295, 4356.090414289713, 4339.118254178041, 3785.972715484882, 4530.0873520922905, 4395.158542215551, 5220.499891605156, 4249.181055117005, 3432.0970315750724, 4485.356942086622, 4865.699974490586, 4611.53662242539, 4378.957943720463, 4002.0224825319106, 2707.5479437028125, 2574.786137659704, 2368.2415843624144, 2281.2848192286856, 2315.53128438877, 1997.81755442057, 2142.494143412488, 1650.418586515349, 1353.7102135337968, 976.7694817312188, 1493.9319848057144, 1569.3112836809703, 1139.9871111742364, 351.6821570114644, 483.4669399025638], "ep": [0, 20, 40, 60, 80, 100, 120, 140, 160, 180, 200, 220, 240, 260, 280, 300, 320, 340, 360, 380, 400, 420, 440, 460, 480, 500, 520, 540, 560, 580, 600, 620, 640, 660, 680, 700, 720, 740, 760, 780, 800, 820, 840, 860, 880, 900, 920, 940, 960, 980, 1000, 1020, 1040, 1060, 1080, 1100, 1120, 1140, 1160, 1180, 1200, 1220, 1240, 1260, 1280, 1300, 1320, 1340, 1360, 1380, 1400, 1420, 1440, 1460, 1480, 1500, 1520, 1540, 1560, 1580, 1600, 1620, 1640, 1660, 1680, 1700, 1720, 1740, 1760, 1780, 1800, 1820, 1840, 1860, 1880, 1900, 1920, 1940, 1960, 1980], "min": [-1623.8939274785635, -1495.639742171939, -1363.9173792904403, -1543.2224040991882, -2034.0898198874656, -1842.188295285753, -1876.0789571867876, -1780.9084609865374, -1896.4345024863073, -1884.287548104124, -2251.4270151664523, -896.0649460938583, -1683.6677193116248, -1555.160399897215, -1791.946496604065, -1626.93732696606, -2037.089113036387, -698.3146670131325, -912.9364458260509, -1203.9988829879096, -1631.312606159696, -779.6503819007452, -363.60840470998716, -1430.15402113516, -968.5104637190061, -1527.240597866599, -512.1985521460693, -901.3203661799804, 138.36612753717463, -244.20624917275032, -65.7851139234408, -2559.9673296544265, -528.7391906524034, -1558.176484534295, 224.60715657740056, -147.49465053193262, -1239.345247049758, 217.6340417754359, 422.1787456060093, -2298.5767169081614, -596.9683161472803, 47.18953545384069, 240.8870962119854, -2772.882500482438, -2194.1279077250533, 135.41023345351857, -1907.8356907786517, -2329.3565795590935, 42.48104119139065, -205.013687489755, 291.03483949668725, -2479.1842050597375, -2060.388561036743, -281.9457887172104, 2043.984586410539, 2693.425066974013, 2607.1637071115, 760.8561800041822, 678.4424742815659, 360.1374536220431, -0.7452393975769169, 571.8799532417513, 408.75895689451437, -256.83132618109084, -265.968319856302, -1966.8461288530866, 1096.8664186616786, -1462.9330695899662, -1231.4864905446127, 1060.423311895793, 1220.5280241988605, 1164.6980934278408, -75.64287456083268, 969.8038060343576, -1900.3041255533153, -1037.0471173346941, 305.60468118995595, 2746.783599554326, 468.86585182598185, -996.9653092236939, 2412.1650615468766, 2526.1011231620078, 1297.6174289417743, -52.594842229259875, 1171.0172787041402, -606.2835667589208, 277.49850148797987, -418.0567359091748, -576.5557117198074, -166.9298857456189, -89.22158187650004, -36.26962104912202, -978.0869670583108, -1225.4704461951017, -1702.527752097929, -653.1059003320169, -299.15876625676316, -526.937069159776, -2062.4949963803033, -1663.581844529564]}, "lr": 0.1, "move_step": 1.0, "limit_upright": 0.5, "action_size": 3, "start_date": "08-09-2021_16:59", "gamma": 0.95}