{"end_date": "14-09-2021_02:44", "rewards": {"max": [-1148.9762450508474, 2323.8853293133925, 6155.414352580241, 3681.2872463609633, 2062.8359619521457, 3461.7768447378853, 2654.6838119039116, 1787.2691774653072, 4867.199645180317, 4702.767055439141, 926.3270629823041, 4763.119150826106, 1884.8336605842328, 2305.4288138283723, 3589.247386507267, 4998.927808009189, 1921.0607778847561, 2942.3513877138475, 1881.2634469535096, 4120.320593205274, 2407.663341200429, 1764.258691027446, 2837.8862900199206, 1709.8524734290534, 1881.8827407770177, 4175.000112045678, 923.6685187130422, 1786.2496530795067, 1044.8725483706116, 3059.645869322511, 2595.338404201709, 2315.7740193306336, 1374.1270362449748, 2115.5708397037633, 895.9441173162853, 1893.5179874258733, 2118.6410835222046, 1804.181243921065, 2504.565063556547, 1203.2125509788589, 1572.9015516335605, 1641.5295878739905, 1872.5740388371469, 1013.0307625501724, 943.4779102535015, 1649.5292882378212, 1245.7492149659636, 1868.1436692438565, 1447.0768566047118, 2399.552694564471, 2270.6368392822437, 3439.923293151245, 2330.194088650399, 2085.875773526112, 1100.470027617498, 2889.85275302105, 4298.74066577432, 4624.174103546057, 3718.9164552699663, 1887.279048615852, 1828.1267887149013, 1270.0584168322907, 2311.6132091829645, 2136.3274350693223, 2170.0939131353553, 1479.0244750376194, 1242.4843582783528, 1206.088751300152, 2321.0874698049843, 1984.6165382153952, 1959.8799433854497, 2014.9209191280845, 2402.7615149777325, 1915.3255507657427, 1824.0364613139318, 2788.6057787025766, 1293.845157473316, 2631.752983642594, 1868.8722472597804, 2055.0329914598287, 2137.1991488666486, 3047.257327669922, 1981.0133312741339, 2942.9809863800238, 1697.5631422482722, 2719.631497989707, 1698.2277197594183, 2775.1838426024897, 1861.7547098582543, 1584.211307380649, 1971.0724565389585, 1695.838646442055, 2786.557415301138, 2480.450283442463, 2845.7776124735988, 2752.721245147044, 2440.8302496890783, 2078.9350127912317, 3478.759483908391, 2612.5482074445645, 1748.6285841336596, 2152.7999876628855, 2141.061398572587, 2427.690281745398, 3512.1592920312582, 2637.741032977839, 2428.213601225075, 2189.7896779901607, 1760.3539990171382, 2819.867100167154, 2571.6823198535967, 5231.274335317916, 2900.7203547252207, 2427.038455683836, 2187.520387413748, 1430.6309459099693, 2988.3399958475457, 1373.6574785467503, 1628.575073846659, 2163.5724118415474, 2029.2914712874892], "avg": [-57.44881225254237, -50.142094676775116, 560.52490984675, 36.29692896150834, -160.7437170373599, 387.671104561299, -36.20189206180438, 347.6243621541488, 308.9199361381962, 162.72867047499238, -105.82153821972524, 339.07023974539226, 11.522604660587518, 137.40570087897967, -50.86525418025009, 469.4169110581967, -92.92001079455395, 320.2127376065836, 16.707858109368388, 633.3818558889542, -28.721527694023802, 21.89857111586339, 227.7108432876796, 42.30248274937646, 11.518306305926043, -24.06598966403535, -159.10128515010615, 383.418931494139, 194.23327741766514, 227.40412781774756, 212.59025995346184, 158.26534212053926, -197.28002046692473, 355.94242261813145, -197.50950524345433, 27.877775107297072, -79.63203334421397, -44.011197699364985, 64.92322562242637, -22.66688271613176, 367.5150995919395, 477.9657812457127, -110.85827744471935, -201.15603883317783, -215.42640906649845, 121.59143084371041, 26.162776661617734, -2.434670861205484, -84.63458320607613, 302.15795967306343, 203.32972993499857, 170.39077367366696, 139.24152778079906, 251.3823739190419, -9.597716471332678, 329.7290827567453, 393.6294295297581, 577.2330704847894, 507.67194047543455, 132.42010440357626, 268.611363799838, 189.52840038769335, 86.13616678726035, 215.84132525503878, 509.16207586435104, 196.717433211966, 38.900653947458316, 38.99849769048215, 623.8304224663997, 665.2032657612923, 420.759348631233, 314.500231978932, 738.636026819677, 374.1687752322663, 299.3624434231234, 635.8413398895927, 114.42785294409609, 406.8983151831289, 267.0718884091173, -30.826416304372763, 278.71656470680074, 357.47914483157194, 417.29399567779353, 423.8787590345305, 109.6381410256034, 703.2188327304209, 160.29286947080993, 703.6735975683657, -48.160709577021976, 296.6845546260616, 507.9819709711384, 402.2170901393808, 533.9730454211617, 660.4463420365762, 320.9103065046099, 885.7970713499387, 688.0976799680865, 642.6945576711273, 947.0781562580626, 806.6638315484786, 575.035124344303, 715.4641218116979, 687.6946972190123, 805.9288134436183, 1112.3470999304434, 853.0164557798656, 430.0806336318468, 106.09033800053234, 527.2804774147331, 555.6327224706577, 1006.2679273998908, 874.7597672860895, 664.9072061550395, 541.7603544710989, 579.276500192274, 289.47647424109294, 529.851785356195, 36.568079665698555, 377.53407676641115, 370.4055886676318, 63.98880868740015], "ep": [0, 20, 40, 60, 80, 100, 120, 140, 160, 180, 200, 220, 240, 260, 280, 300, 320, 340, 360, 380, 400, 420, 440, 460, 480, 500, 520, 540, 560, 580, 600, 620, 640, 660, 680, 700, 720, 740, 760, 780, 800, 820, 840, 860, 880, 900, 920, 940, 960, 980, 1000, 1020, 1040, 1060, 1080, 1100, 1120, 1140, 1160, 1180, 1200, 1220, 1240, 1260, 1280, 1300, 1320, 1340, 1360, 1380, 1400, 1420, 1440, 1460, 1480, 1500, 1520, 1540, 1560, 1580, 1600, 1620, 1640, 1660, 1680, 1700, 1720, 1740, 1760, 1780, 1800, 1820, 1840, 1860, 1880, 1900, 1920, 1940, 1960, 1980, 2000, 2020, 2040, 2060, 2080, 2100, 2120, 2140, 2160, 2180, 2200, 2220, 2240, 2260, 2280, 2300, 2320, 2340, 2360, 2380, 2400], "min": [-1148.9762450508474, -1313.4687296195962, -786.4377849128707, -1013.8676392398534, -1145.8656925325993, -1609.3437150691625, -1159.3991666833194, -596.6637930637107, -1373.5225017004507, -1387.290227026171, -1486.3589055709958, -1282.7248002803387, -1155.9224830737523, -1487.2537904577625, -1348.3930538496443, -931.5853632109457, -1421.4577110554155, -806.0403715159716, -1372.265310039137, -996.6348542070524, -1665.0535663558044, -1119.277091502718, -1083.3404031222628, -1101.1797740983607, -1758.053429085447, -1236.538750011382, -842.3173078701493, -787.6072351168077, -715.5842597661785, -888.8065005824142, -1042.2466578814995, -1232.3472809076375, -1308.1428818486402, -630.978478552025, -1235.618898209346, -1127.7271502537983, -1401.267339979305, -1392.869246904373, -1165.6229716620094, -1207.9949288749092, -437.65562744533656, -769.6491789388618, -1248.5657556352432, -1077.5306264721758, -1082.870846394481, -923.4381411939195, -1611.1976144239038, -1161.3455136071104, -1101.9575291111616, -939.7564708667016, -1154.198795310835, -1269.3731866604421, -979.0209805210958, -1040.4248943485802, -1382.7702135722618, -899.8492431557393, -1271.5734569052536, -682.2789857527064, -954.5022917064263, -1592.7186027178573, -815.2943922230922, -1185.040528427039, -1258.0798649001904, -1051.470096020349, -1030.7110380517072, -915.6483341119116, -1083.1538412677437, -1152.9465916758475, -390.93647733287867, -1057.609975785499, -1043.6618403950768, -967.7358487000088, -696.2503610712921, -794.1784830308341, -798.8419519937996, -854.27538224193, -825.3390625066171, -1391.1388780309876, -1338.1421029336327, -1903.9721709928317, -1463.9593885913357, -1111.9187684750223, -794.6518870051029, -1283.168736610106, -1615.769324546904, -1075.1509775994123, -1044.3998261727359, -743.0619293511096, -956.4057726649457, -706.938955017379, -578.0122421620496, -684.3788245103307, -1239.3787844109015, -517.0832280582713, -1333.3466768992, -1051.6991988969573, -914.5791431395539, -336.1418702002468, -1167.0030335803012, -707.0559703089566, -793.2923493242639, -1467.2075119287379, -759.8133209870505, -713.2709189493038, -871.3362625743187, -738.0252915634868, -1176.7842586592242, -1642.4521755524827, -509.93266984174375, -974.7953633848506, -348.7748158729587, -1065.0584681817008, -1401.5379246574043, -772.8313411332103, -512.0992578145953, -884.4360252627457, -1166.393734386302, -1197.3093322464981, -528.4250499616302, -1089.5844112561388, -1197.0356719496722]}, "lr": 0.1, "move_step": 0.29,