{"end_date": "20-09-2021_02:09", "rewards": {"max": [481.462562310843, 29349.9226449595, 30045.295156612563, 23411.679410963217, 34692.225881553924, 34568.778083151374, 22085.07916549737, 21446.82136514856, 29970.68310224405, 27779.053187624046, 26712.322229003003, 41644.78617803489, 38623.35783947782, 35797.59643451708, 38175.82798259667, 33985.53616135147, 41744.08597502558, 22225.20778871524, 28148.523595064464, 25602.556698580927, 25464.772409675068, 44563.296129130926, 37212.26155933827, 40742.03165747112, 49597.696942176946, 15264.339859794147, 38930.47725089643, 39504.99713673182, 40934.51498206693, 42450.43628287646, 20985.295478948356, 43160.49341879174, 42348.797329050954, 38218.399526629575, 21025.507437256423, 49798.58289936805, 41747.43744605772, 46980.12854770355, 48893.16518187537, 42640.95307477666, 41547.04973952616, 46578.458310014335, 48290.236871381625, 49396.68498266522, 38319.29478967333, 37017.27391041799, 24507.209474582894, 27322.247887823505, 47383.78805002638, 36819.57011892352, 49195.36879969208, 42352.19519383995, 49798.78361683281, 43760.845807327794, 45573.903346621606, 25935.59843055535, 27530.253370659753, 19566.72283866426, 47582.94093477007, 45572.582065953924, 45974.33024037453, 33112.524582137885, 49396.5202675982, 49798.65815370683, 45373.04102895543, 38124.43936918095, 40329.22421352342, 47582.90973778946, 48188.94972309874, 47787.07983119946, 49597.47003942837, 49195.61987853491, 49195.737900604305, 48391.46315399982, 49194.884849769616, 47583.73936873763, 27168.340040449657, 45575.461510527726, 38080.11831729839, 45166.15699090338, 47586.66336010473, 49597.83350638459, 37009.6030247978, 50000, 49597.98326042603, 44559.96093267429, 45573.597373096636, 49597.81446432847, 33288.25006886376, 46469.99228094104, 49094.330116654295, 47987.26153203208, 49396.718837978086, 48391.09510591972, 46175.352762687966, 45168.42354009799, 46577.74192682191, 45373.630787417154, 50000], "avg": [24.07312811554215, 11414.918907884134, 9015.589856456685, 5454.0327884748285, 9157.542749381524, 11692.630386966735, 10410.110350381377, 9284.215175992083, 8805.05255897092, 9129.860431911, 9390.087821822808, 10290.587500848638, 12286.500432598066, 9555.282404545687, 10883.698599922762, 10435.933923383096, 12080.025170125296, 7350.914286021192, 11307.424253386984, 8045.48946900015, 8849.62217915271, 12039.194795355594, 11704.83953202142, 11672.049297105132, 12954.845341758552, 8483.411190807394, 9709.132468430185, 12088.777599367864, 13861.629353434886, 13550.843803888973, 9617.027506550601, 10639.445502241459, 11062.395290568977, 8266.958339009218, 11489.390570297943, 16907.6558057587, 12933.396641802898, 13907.959495446263, 15474.429363569052, 16668.567088259282, 13863.3611030785, 15846.018080044261, 14127.936879931225, 15534.88603017582, 16931.530367373216, 14970.667300427598, 11997.367654005166, 13132.564783151704, 15243.03346870732, 13437.359376373584, 14009.905025049873, 16895.47978528375, 17905.94093748552, 16812.1272822187, 19725.053579709747, 14362.737119111243, 12912.021581038063, 13025.91237382898, 24179.30292501971, 18913.883396816636, 19498.547765220694, 14345.335910821124, 21750.27337120541, 25341.980395840823, 17679.321861755616, 17491.75557042256, 16942.1360377202, 20235.28689768331, 20241.51368402292, 14213.169374709367, 19925.228210034296, 21308.790454442475, 20930.341354841097, 20280.87246608563, 17688.59724576483, 19565.222525507892, 16648.147856081072, 22652.97222599007, 19076.65416310293, 23651.59234388111, 17897.32281246411, 22925.144198358805, 19742.838053069652, 20772.524143818322, 18657.985782482305, 19330.82242730824, 21582.339736138983, 22810.720811844123, 22008.44968576829, 24659.150672869207, 26805.203724303567, 24574.532228324868, 26187.030846469654, 28092.862759415108, 26135.445463205884, 26330.876832762304, 26165.351928269483, 25513.230405703645, 29087.321299128205], "ep": [0, 20, 40, 60, 80, 100, 120, 140, 160, 180, 200, 220, 240, 260, 280, 300, 320, 340, 360, 380, 400, 420, 440, 460, 480, 500, 520, 540, 560, 580, 600, 620, 640, 660, 680, 700, 720, 740, 760, 780, 800, 820, 840, 860, 880, 900, 920, 940, 960, 980, 1000, 1020, 1040, 1060, 1080, 1100, 1120, 1140, 1160, 1180, 1200, 1220, 1240, 1260, 1280, 1300, 1320, 1340, 1360, 1380, 1400, 1420, 1440, 1460, 1480, 1500, 1520, 1540, 1560, 1580, 1600, 1620, 1640, 1660, 1680, 1700, 1720, 1740, 1760, 1780, 1800, 1820, 1840, 1860, 1880, 1900, 1920, 1940, 1960], "min": [481.462562310843, -191.94528793081162, -139.17981385076894, -503.0576765511148, 181.76899668525039, -226.94407695970685, -1343.3996831011732, 1521.4833702783026, 1071.0107673676544, 1546.084714209115, 221.5681635372041, 1991.1552213405967, 2456.854258604012, -328.00430601913206, 1390.2199836241975, 1765.483109523869, 1915.4782494901344, 1573.8109969552422, -312.3348735338581, -131.33340229519627, 10.19456566034896, 1968.7685769169552, 105.49411383315716, 935.8473951490785, 1439.828724142438, 1179.7254579226585, -81.383909659762, 2287.1695912673786, 2282.1847497581352, 275.4669928599128, 1268.5338040867173, 946.5239803471978, 1385.6221541245168, 1433.1989413525155, 4646.499136341599, 5573.25144386154, 2456.6553987304237, 115.73040578743152, -88.7436502418249, 7914.950767355024, -11.691647558022552, 5181.121348753994, 3678.1947166657155, 1693.6186922158615, 5143.7407028734415, 4116.0225377136985, 1829.3692632165082, 5862.9921260702195, 1975.0373503067162, 4094.1614015271603, 3253.1453415231776, 2685.524328902444, 2092.805507242714, 6525.7660726735, 7665.885672616754, 6740.73722128367, -45.9493093938794, 7515.907202976468, 3835.257412182153, 6369.847711260895, 7183.9728674490925, 2642.664894389268, 6174.030104785119, 3967.738217698919, 6711.303036033842, 2541.55731110012, 2218.352098320694, 4164.979539702858, 7760.045019398081, 3615.44471933174, 5917.206385990028, 7879.364129047269, 6113.267517133554, 9349.493187580068, 5561.2831224205, 1318.3932605199075, 6508.092026981368, 3580.958815739684, 7234.197332320397, 7180.404775023519, 6658.961303976191, 8258.381371092517, 7979.158733916346, 3347.152653854574, -103.30776815236342, 4093.844931651099, 8001.484170910953, 9688.464545213847, 10202.329467928163, 13329.025440826541, 9718.218318193349, 10838.984819615878, 9121.061717445376, 8651.119972822864, 5007.648953723885, -79.42356873323749, 9185.638150699206, 10875.947522804507, 12957.911851458457]}, "lr": 0.1, "move_step": 0.29, "limit_upright": 0.5, "action_size": 3, "start_date": "19-09-2021_20:36", "gamma": 0.95}