{"end_date": "13-09-2021_14:32", "rewards": {"max": [-1026.7600189339469, 6057.502977972909, 5403.013950544005, 7547.670664386953, 8254.338881715792, 1045.1230228132608, 3178.0021741790606, 2461.6066227448964, 3893.273408148063, 1887.78557566996, 4040.3297860005646, 1556.9355136253475, 1766.8302683161553, 3509.905178420065, 4835.469801876603, 3376.4566887754318, 1690.9279380516214, 2314.199294983599, 2263.300517045808, 1196.9509894457472, 1499.7002152789555, 1675.5259032628653, 950.9168254360942, 970.5224822100149, 2285.8339364802373, 1780.968864674595, 920.4606944123377, 1972.8467652733252, 1868.7313575222588, 2165.1924740509094, 1259.1208022887854, 1545.1466347987232, 1772.844999229612, 2623.3241527510127, 1393.6454112607273, 1084.0896510246341, 2174.9836005789894, 2031.8996553262562, 2080.220592955908, 1945.3524236240785, 2269.271863666633, 2417.6108938241505, 1799.290590474272, 2305.241318992345], "avg": [-51.33800094669734, 255.65478408910263, 648.6384311487496, 529.3638828092517, 404.3467693042763, -17.933465384259478, 478.9627920648312, 301.8568372021065, 233.84325316389368, 75.6200182855795, -140.54838526540078, -127.46230206797281, 72.11844704733662, 443.579410342713, 49.525514724323116, 26.75133649508904, -122.38024019443085, 142.33387369844542, 100.89578364353433, 18.06027550441305, 74.36025879491555, 89.15492556168235, -20.216045771491785, 29.56592397496662, 187.13809856564393, 14.319178970138244, 115.59934124223223, 265.205024718137, -161.96056466182694, 468.43016664137014, 270.10829732451646, 481.71144735688813, 411.2287853759608, 556.046687734246, 175.0037607656471, 149.8975434884607, 205.7742184682324, 306.7355766633601, 772.79339121817, 493.3104255169026, 611.5084510021813, 809.8236530491938, 172.37292521794726, 414.4854928024632], "ep": [0, 20, 40, 60, 80, 100, 120, 140, 160, 180, 200, 220, 240, 260, 280, 300, 320, 340, 360, 380, 400, 420, 440, 460, 480, 500, 520, 540, 560, 580, 600, 620, 640, 660, 680, 700, 720, 740, 760, 780, 800, 820, 840, 860], "min": [-1026.7600189339469, -1261.2557393376997, -947.6675510945275, -1211.0184033192777, -1368.8656981966576, -1033.3129056535372, -968.2377917487202, -963.3424249858808, -1027.1561326434517, -780.470376089146, -1308.7297665392791, -1200.8988356865586, -1239.5589963495154, -883.6071957573158, -1055.400767259578, -1095.3955973496718, -1403.3657294445711, -1252.6513815909852, -1096.1170285885755, -893.4029133603229, -1014.9892176162962, -987.9242970213942, -810.6388912809368, -863.943960055753, -1200.285656355422, -1020.5406600727277, -1130.2309802767163, -1108.652919591754, -940.8810265282108, -778.38599569054, -930.3042797423476, -781.2960939110333, -1156.1877188036394, -492.99845531480713, -791.3778963985947, -582.9683745546337, -1064.6745818113652, -882.5817703489398, -532.1026175594694, -613.4878477893651, -552.9712313455086, -523.9884456687971, -892.058308692554, -664.2122293919444]}, "lr": 0.1, "move_step": 0.29, "limit_upright": 0.5, "action_size": 3, "start_date": "13-09-2021_10:42", "gamma": 0.95}