{"end_date": "14-09-2021_09:01", "rewards": {"max": [-501.6734902809801, 2316.500957533732, 2404.4071215766935, 1867.1124892888963, 2226.1902102676645, 1211.4212022127895, 3295.898094840931, 3510.905627581816, 2547.8749154339107, 2685.3618283337605, 1662.4808367875714, 2618.581455670987, 2240.535301428374, 1643.6581534977324, 2819.459188173316, 2395.9051387384, 2766.6997115277777, 2218.5552083588827, 2759.707811598365, 1787.6913262781923, 2521.058074892664, 3494.6956842451605, 4630.443451480268, 2857.116349341989, 2984.4010404120236, 2838.1143645590964, 3805.365346973639, 3471.69244909356, 3195.522335066724, 3476.283889631403, 3975.04921285581, 3887.1441892002777, 2831.6172560162668, 4118.934183642894, 3716.1226423794647, 4829.632303074565, 4162.20587761654, 3659.194669790292, 5950.182166453206, 3107.612698483935, 3155.6570672171183, 2438.478860652142, 3953.922894274168, 3224.590140790741, 2225.0587694289366, 4602.932129330933, 3917.496616002937, 5198.136282867491], "avg": [-25.083674514049005, 155.46173772710569, 350.59051891931506, 283.1337071889141, 488.27907494502733, 30.820214871493427, 382.4136452531483, 936.4244173044275, 610.5300435327075, 906.5505959285872, 669.7631556593476, 969.3860236655388, 876.0543179667939, 524.8766242421103, 368.09419087945497, 254.39391223823537, 615.4244207685026, 596.8485380616544, 75.25791506430286, 60.158944471536145, 592.0463408740458, 789.6735082900087, 1075.282137832496, 1117.3319709837667, 944.5317969072227, 1224.3444839386225, 1306.781752672022, 1640.4143336510326, 1515.0603197608352, 1111.043937616881, 1182.9245985321063, 1012.4857757238744, 1223.4029370964174, 836.5895620966919, 1567.9382604961784, 1129.034972703739, 1396.4300166181797, 1323.4093468049407, 1106.4046298483963, 1644.4260417334021, 971.200230943958, 782.3556298270653, 1148.4156111112854, 831.2796639458095, 708.8127703297819, 1086.0582650795318, 1287.4893507263419, 1264.1899883941587], "ep": [0, 20, 40, 60, 80, 100, 120, 140, 160, 180, 200, 220, 240, 260, 280, 300, 320, 340, 360, 380, 400, 420, 440, 460, 480, 500, 520, 540, 560, 580, 600, 620, 640, 660, 680, 700, 720, 740, 760, 780, 800, 820, 840, 860, 880, 900, 920, 940], "min": [-501.6734902809801, -1241.4866140937781, -610.128055216722, -868.1067120718809, -901.2600678008037, -1006.640251815862, -995.9579620827095, -557.3418504062074, -641.6627296091548, -228.85274296082437, -177.24197100839646, -508.4092884288944, -301.02017292046384, -1046.8930078108303, -926.270873947038, -1577.0799695406984, -918.4399827390839, -538.8358200258859, -1319.4004206605798, -1564.6512217536874, -706.5879136848297, -546.0907035256486, -1118.1769877833158, -142.47006024394614, -957.5126976884263, -167.03285104591396, -1030.9984846759494, -252.27622207181741, -87.98221533831205, -202.9906834936769, -531.7796804528125, -524.0464986837198, -27.483932829278196, -1012.4373015749168, 508.1345258220195, -565.9762125102443, -529.6733752270804, -896.2137534072787, -579.6007839203696, 206.270031487238, -710.9425244213726, -682.3676409403815, -158.19572200013036, -963.6415924384642, -733.0631445431918, -823.2458661114819, -666.9674704971973, -814.1969122148752]}, "lr": 0.1, "move_step": 0.29, "limit_upright": 0.5, "action_size": 3, "start_date": "14-09-2021_04:47", "gamma": 0.95}